Source,Time Since Burst (days),Flux (mJy),Error (mJy),Type,Redshift,Year,is_limit,In the paper
GRB 120305A,0.023833333,0.51,0,Non-Detection,Unknown,2012,TRUE,FALSE
GRB 120305A,0.800833333,0.3,0,Non-Detection,Unknown,2012,TRUE,FALSE
GRB 120305A,1.850833333,0.51,0,Non-Detection,Unknown,2012,TRUE,FALSE
GRB 120305A,2.860833333,0.33,0,Non-Detection,Unknown,2012,TRUE,FALSE
GRB 120305A,3.960833333,0.36,0,Non-Detection,Unknown,2012,TRUE,FALSE
GRB 120305A,4.880833333,0.33,0,Non-Detection,Unknown,2012,TRUE,FALSE
GRB 120305A,5.950833333,0.66,0,Non-Detection,Unknown,2012,TRUE,FALSE
GRB 120305A,6.830833333,0.51,0,Non-Detection,Unknown,2012,TRUE,FALSE
GRB 120305A,7.920833333,0.45,0,Non-Detection,Unknown,2012,TRUE,FALSE
GRB 120305A,9.940833333,0.42,0,Non-Detection,Unknown,2012,TRUE,FALSE
GRB 120305A,10.95083333,0.3,0,Non-Detection,Unknown,2012,TRUE,FALSE
GRB 120305A,13.93083333,0.42,0,Non-Detection,Unknown,2012,TRUE,FALSE
GRB 120305A,16.74666667,0.36,0,Non-Detection,Unknown,2012,TRUE,FALSE
GRB 120305A,21.88083333,0.51,0,Non-Detection,Unknown,2012,TRUE,FALSE
GRB 120305A,26.88083333,0.3,0,Non-Detection,Unknown,2012,TRUE,FALSE
GRB 120305A,30.90083333,0.3,0,Non-Detection,Unknown,2012,TRUE,FALSE
GRB 120308A,0.024833333,0.24,0,Non-Detection,Unknown,2012,TRUE,FALSE
GRB 120308A,0.871666667,0.15,0,Non-Detection,Unknown,2012,TRUE,FALSE
GRB 120308A,4.900833333,0.39,0,Non-Detection,Unknown,2012,TRUE,FALSE
GRB 120308A,8.010833333,0.18,0,Non-Detection,Unknown,2012,TRUE,FALSE
GRB 120308A,10.98083333,0.24,0,Non-Detection,Unknown,2012,TRUE,FALSE
GRB 120308A,13.92083333,0.27,0,Non-Detection,Unknown,2012,TRUE,FALSE
GRB 120308A,16.91083333,0.27,0,Non-Detection,Unknown,2012,TRUE,FALSE
GRB 120308A,24.92083333,0.24,0,Non-Detection,Unknown,2012,TRUE,FALSE
GRB 120308A,33.86083333,0.21,0,Non-Detection,Unknown,2012,TRUE,FALSE
GRB 120311A,0.022833333,0.3,0,Non-Detection,Unknown,2012,TRUE,FALSE
GRB 120311A,24.98083333,0.27,0,Non-Detection,Unknown,2012,TRUE,FALSE
GRB 120311A,27.94083333,0.24,0,Non-Detection,Unknown,2012,TRUE,FALSE
GRB 120320A,0.620833333,0.38,0.09,Detection,Unknown,2012,FALSE,FALSE
GRB 120320A,15.58083333,0.27,0,Non-Detection,Unknown,2012,TRUE,FALSE
GRB 120324A,0.023833333,0.27,0,Non-Detection,Unknown,2012,TRUE,FALSE
GRB 120324A,12.01083333,0.24,0,Non-Detection,Unknown,2012,TRUE,FALSE
GRB 120324A,14.97083333,0.3,0,Non-Detection,Unknown,2012,TRUE,FALSE
GRB 120324A,23.12083333,0.3,0,Non-Detection,Unknown,2012,TRUE,FALSE
GRB 120324A,29.94083333,0.45,0,Non-Detection,Unknown,2012,TRUE,FALSE
GRB 120326A,0.330833333,0.42,0,Non-Detection,1.798,2012,TRUE,FALSE
GRB 120326A,7.170833333,0.86,0.1,Detection,1.798,2012,FALSE,FALSE
GRB 120326A,21.27083333,0.37,0.09,Detection,1.798,2012,FALSE,FALSE
GRB 120326A,33.26083333,0.42,0,Non-Detection,1.798,2012,TRUE,FALSE
GRB 120403A,0.330833333,0.33,0,Non-Detection,Unknown,2012,TRUE,FALSE
GRB 120403A,1.650833333,0.27,0,Non-Detection,Unknown,2012,TRUE,FALSE
GRB 120403A,3.650833333,0.27,0,Non-Detection,Unknown,2012,TRUE,FALSE
GRB 120403A,7.600833333,0.33,0,Non-Detection,Unknown,2012,TRUE,FALSE
GRB 120403A,13.62083333,0.33,0,Non-Detection,Unknown,2012,TRUE,FALSE
GRB 120403A,28.59083333,0.45,0,Non-Detection,Unknown,2012,TRUE,FALSE
GRB 120404A,0.490833333,0.33,0,Non-Detection,2.876,2012,TRUE,FALSE
GRB 120404A,3.500833333,0.36,0,Non-Detection,2.876,2012,TRUE,FALSE
GRB 120404A,6.490833333,0.3,0,Non-Detection,2.876,2012,TRUE,FALSE
GRB 120404A,12.57083333,0.3,0,Non-Detection,2.876,2012,TRUE,FALSE
GRB 120422A,0.290833333,1.23,0,Non-Detection,0.28,2012,TRUE,FALSE
GRB 120422A,2.400833333,0.72,0,Non-Detection,0.28,2012,TRUE,FALSE
GRB 120422A,4.400833333,0.63,0,Non-Detection,0.28,2012,TRUE,FALSE
GRB 120422A,7.440833333,0.33,0,Non-Detection,0.28,2012,TRUE,FALSE
GRB 120422A,13.47083333,0.33,0,Non-Detection,0.28,2012,TRUE,FALSE
GRB 120422A,28.61083333,0.72,0,Non-Detection,0.28,2012,TRUE,FALSE
GRB 120422A,134.1608333,0.48,0,Non-Detection,0.28,2012,TRUE,FALSE
GRB 120514A,2.140833333,0.39,0,Non-Detection,Unknown,2012,TRUE,FALSE
GRB 120514A,5.090833333,0.72,0,Non-Detection,Unknown,2012,TRUE,FALSE
GRB 120514A,8.050833333,0.45,0,Non-Detection,Unknown,2012,TRUE,FALSE
GRB 120514A,20.97083333,0.99,0,Non-Detection,Unknown,2012,TRUE,FALSE
GRB 120521C,0.040833333,0.27,0,Non-Detection,6,2012,TRUE,FALSE
GRB 120521C,3.920833333,0.39,0,Non-Detection,6,2012,TRUE,FALSE
GRB 120521C,6.920833333,0.66,0,Non-Detection,6,2012,TRUE,FALSE
GRB 120521C,13.82083333,0.33,0,Non-Detection,6,2012,TRUE,FALSE
GRB 120521C,32.83083333,0.57,0,Non-Detection,6,2012,TRUE,FALSE
GRB 120711B,3.070833333,1.29,0,Non-Detection,Unknown,2012,TRUE,FALSE
GRB 120711B,6.070833333,0.24,0,Non-Detection,Unknown,2012,TRUE,FALSE
GRB 120711B,11.99083333,0.3,0,Non-Detection,Unknown,2012,TRUE,FALSE
GRB 120711B,26.98666667,0.42,0,Non-Detection,Unknown,2012,TRUE,FALSE
GRB 120722A,0.070833333,1.53,0,Non-Detection,0.9586,2012,TRUE,FALSE
GRB 120722A,2.260833333,0.75,0,Non-Detection,0.9586,2012,TRUE,FALSE
GRB 120722A,4.230833333,1.08,0,Non-Detection,0.9586,2012,TRUE,FALSE
GRB 120724A,0.570833333,0.6,0,Non-Detection,1.48,2012,TRUE,FALSE
GRB 120724A,2.540833333,1.2,0,Non-Detection,1.48,2012,TRUE,FALSE
GRB 120724A,9.450833333,1.05,0,Non-Detection,1.48,2012,TRUE,FALSE
GRB 120729A,0.520833333,0.72,0,Non-Detection,0.8,2012,TRUE,FALSE
GRB 120729A,2.880833333,0.33,0,Non-Detection,0.8,2012,TRUE,FALSE
GRB 120729A,4.580833333,0.33,0,Non-Detection,0.8,2012,TRUE,FALSE
GRB 120729A,7.630833333,0.3,0,Non-Detection,0.8,2012,TRUE,FALSE
GRB 120729A,13.81083333,0.27,0,Non-Detection,0.8,2012,TRUE,FALSE
GRB 120729A,28.64083333,0.27,0,Non-Detection,0.8,2012,TRUE,FALSE
GRB 120802A,0.023833333,0.39,0,Non-Detection,3.796,2012,TRUE,FALSE
GRB 120802A,2.060833333,0.39,0,Non-Detection,3.796,2012,TRUE,FALSE
GRB 120802A,4.840833333,0.33,0,Non-Detection,3.796,2012,TRUE,FALSE
GRB 120802A,7.070833333,0.57,0,Non-Detection,3.796,2012,TRUE,FALSE
GRB 120802A,13.81083333,0.27,0,Non-Detection,3.796,2012,TRUE,FALSE
GRB 120802A,28.92083333,0.24,0,Non-Detection,3.796,2012,TRUE,FALSE
GRB 120803B,0.340833333,0.36,0,Non-Detection,Unknown,2012,TRUE,FALSE
GRB 120803B,2.490416667,0.36,0,Non-Detection,Unknown,2012,TRUE,FALSE
GRB 120805A,3.770833333,0.72,0,Non-Detection,3.1,2012,TRUE,FALSE
GRB 120805A,6.910833333,0.51,0,Non-Detection,3.1,2012,TRUE,FALSE
GRB 120805A,27.87083333,0.51,0,Non-Detection,3.1,2012,TRUE,FALSE
GRB 120811C,0.030833333,1.32,0,Non-Detection,2.671,2012,TRUE,FALSE
GRB 120811C,1.099166667,1.14,0,Non-Detection,2.671,2012,TRUE,FALSE
GRB 120811C,3.000833333,1.38,0,Non-Detection,2.671,2012,TRUE,FALSE
GRB 120811C,5.890833333,1.86,0,Non-Detection,2.671,2012,TRUE,FALSE
GRB 120816A,1.130833333,0.57,0,Non-Detection,Unknown,2012,TRUE,FALSE
GRB 120816A,2.120833333,1.92,0,Non-Detection,Unknown,2012,TRUE,FALSE
GRB 120816A,6.050833333,0.99,0,Non-Detection,Unknown,2012,TRUE,FALSE
GRB 120816A,12.08083333,0.72,0,Non-Detection,Unknown,2012,TRUE,FALSE
GRB 120816A,28.07083333,0.42,0,Non-Detection,Unknown,2012,TRUE,FALSE
GRB 120819A,4.240833333,0.57,0,Non-Detection,Unknown,2012,TRUE,FALSE
GRB 120819A,7.160833333,1.47,0,Non-Detection,Unknown,2012,TRUE,FALSE
GRB 120819A,14.26083333,0.93,0,Non-Detection,Unknown,2012,TRUE,FALSE
GRB 120819A,30.19083333,0.63,0,Non-Detection,Unknown,2012,TRUE,FALSE
GRB 120907A,2.290833333,0.84,0,Non-Detection,0.97,2012,TRUE,FALSE
GRB 120907A,4.230833333,0.69,0,Non-Detection,0.97,2012,TRUE,FALSE
GRB 120907A,9.260833333,0.39,0,Non-Detection,0.97,2012,TRUE,FALSE
GRB 120907A,14.22083333,0.42,0,Non-Detection,0.97,2012,TRUE,FALSE
GRB 120907A,22.16083333,0.45,0,Non-Detection,0.97,2012,TRUE,FALSE
GRB 120907A,27.14083333,0.39,0,Non-Detection,0.97,2012,TRUE,FALSE
GRB 120911A,0.690833333,0.21,0,Non-Detection,Unknown,2012,TRUE,FALSE
GRB 120911A,1.850833333,0.24,0,Non-Detection,Unknown,2012,TRUE,FALSE
GRB 120911A,3.650833333,0.21,0,Non-Detection,Unknown,2012,TRUE,FALSE
GRB 120911A,6.680833333,0.27,0,Non-Detection,Unknown,2012,TRUE,FALSE
GRB 120911A,12.72083333,0.69,0,Non-Detection,Unknown,2012,TRUE,FALSE
GRB 120911A,19.71083333,0.24,0,Non-Detection,Unknown,2012,TRUE,FALSE
GRB 120911A,26.84083333,0.39,0,Non-Detection,Unknown,2012,TRUE,FALSE
GRB 120913A,0.380833333,0.39,0,Non-Detection,Unknown,2012,TRUE,FALSE
GRB 120913A,2.490833333,0.27,0,Non-Detection,Unknown,2012,TRUE,FALSE
GRB 120913A,4.530833333,0.24,0,Non-Detection,Unknown,2012,TRUE,FALSE
GRB 120913A,7.470833333,0.21,0,Non-Detection,Unknown,2012,TRUE,FALSE
GRB 120913A,13.60083333,0.33,0,Non-Detection,Unknown,2012,TRUE,FALSE
GRB 120913A,21.43083333,0.57,0,Non-Detection,Unknown,2012,TRUE,FALSE
GRB 120913A,27.38083333,0.27,0,Non-Detection,Unknown,2012,TRUE,FALSE
GRB 120923A,4.450833333,0.93,0,Non-Detection,Unknown,2012,TRUE,FALSE
GRB 120923A,6.640833333,0.27,0,Non-Detection,Unknown,2012,TRUE,FALSE
GRB 120923A,8.640833333,0.3,0,Non-Detection,Unknown,2012,TRUE,FALSE
GRB 120923A,14.52083333,0.36,0,Non-Detection,Unknown,2012,TRUE,FALSE
GRB 120923A,23.50083333,0.42,0,Non-Detection,Unknown,2012,TRUE,FALSE
GRB 120923A,30.58083333,0.87,0,Non-Detection,Unknown,2012,TRUE,FALSE
GRB 120927A,0.370833333,0.39,0,Non-Detection,Unknown,2012,TRUE,FALSE
GRB 120927A,2.350833333,0.6,0,Non-Detection,Unknown,2012,TRUE,FALSE
GRB 120927A,4.450833333,0.48,0,Non-Detection,Unknown,2012,TRUE,FALSE
GRB 120927A,12.36083333,0.3,0,Non-Detection,Unknown,2012,TRUE,FALSE
GRB 120927A,28.28083333,0.6,0,Non-Detection,Unknown,2012,TRUE,FALSE
GRB 121001A,0.024833333,0.78,0,Non-Detection,Unknown,2012,TRUE,FALSE
GRB 121001A,1.896666667,1.02,0,Non-Detection,Unknown,2012,TRUE,FALSE
GRB 121001A,5.900833333,0.9,0,Non-Detection,Unknown,2012,TRUE,FALSE
GRB 121001A,8.990833333,0.69,0,Non-Detection,Unknown,2012,TRUE,FALSE
GRB 121001A,14.91083333,0.78,0,Non-Detection,Unknown,2012,TRUE,FALSE
GRB 121001A,21.85083333,1.2,0,Non-Detection,Unknown,2012,TRUE,FALSE
GRB 121001A,26.83083333,0.96,0,Non-Detection,Unknown,2012,TRUE,FALSE
GRB 121011A,0.230833333,0.66,0,Non-Detection,Unknown,2012,TRUE,FALSE
GRB 121011A,1.180833333,0.54,0,Non-Detection,Unknown,2012,TRUE,FALSE
GRB 121011A,3.090833333,0.27,0,Non-Detection,Unknown,2012,TRUE,FALSE
GRB 121011A,7.250833333,0.45,0,Non-Detection,Unknown,2012,TRUE,FALSE
GRB 121011A,13.16083333,0.3,0,Non-Detection,Unknown,2012,TRUE,FALSE
GRB 121011A,21.04083333,0.39,0,Non-Detection,Unknown,2012,TRUE,FALSE
GRB 121011A,29.02083333,0.24,0,Non-Detection,Unknown,2012,TRUE,FALSE
GRB 121017A,0.950833333,0.84,0,Non-Detection,Unknown,2012,TRUE,FALSE
GRB 121017A,2.990833333,0.57,0,Non-Detection,Unknown,2012,TRUE,FALSE
GRB 121017A,8.010833333,0.45,0,Non-Detection,Unknown,2012,TRUE,FALSE
GRB 121017A,22.73083333,0.84,0,Non-Detection,Unknown,2012,TRUE,FALSE
GRB 121017A,28.91083333,0.33,0,Non-Detection,Unknown,2012,TRUE,FALSE
GRB 121028A,2.460833333,0.27,0,Non-Detection,Unknown,2012,TRUE,FALSE
GRB 121028A,14.43083333,0.3,0,Non-Detection,Unknown,2012,TRUE,FALSE
GRB 121028A,21.29083333,0.45,0,Non-Detection,Unknown,2012,TRUE,FALSE
GRB 121028A,29.28083333,1.05,0,Non-Detection,Unknown,2012,TRUE,FALSE
GRB 121031A,1.500833333,0.6,0,Non-Detection,Unknown,2012,TRUE,FALSE
GRB 121031A,7.360833333,0.66,0,Non-Detection,Unknown,2012,TRUE,FALSE
GRB 121031A,13.28083333,1.95,0,Non-Detection,Unknown,2012,TRUE,FALSE
GRB 121031A,28.37083333,0.3,0,Non-Detection,Unknown,2012,TRUE,FALSE
GRB 121108A,0.150833333,0.27,0,Non-Detection,Unknown,2012,TRUE,FALSE
GRB 121108A,3.390833333,0.27,0,Non-Detection,Unknown,2012,TRUE,FALSE
GRB 121108A,5.410833333,0.33,0,Non-Detection,Unknown,2012,TRUE,FALSE
GRB 121108A,6.340833333,0.3,0,Non-Detection,Unknown,2012,TRUE,FALSE
GRB 121108A,25.42083333,0.21,0,Non-Detection,Unknown,2012,TRUE,FALSE
GRB 121125A,1.180833333,0.51,0,Non-Detection,Unknown,2012,TRUE,FALSE
GRB 121125A,14.06083333,0.21,0,Non-Detection,Unknown,2012,TRUE,FALSE
GRB 121125A,20.18083333,0.21,0,Non-Detection,Unknown,2012,TRUE,FALSE
GRB 121125A,29.02083333,1.23,0,Non-Detection,Unknown,2012,TRUE,FALSE
GRB 121128A,1.520833333,0.27,0,Non-Detection,2.2,2012,TRUE,FALSE
GRB 121128A,2.470833333,0.27,0,Non-Detection,2.2,2012,TRUE,FALSE
GRB 121128A,7.580833333,0.24,0,Non-Detection,2.2,2012,TRUE,FALSE
GRB 121128A,15.44083333,0.48,0,Non-Detection,2.2,2012,TRUE,FALSE
GRB 121128A,29.51083333,0.3,0,Non-Detection,2.2,2012,TRUE,FALSE
GRB 121202A,0.130833333,0.27,0,Non-Detection,Unknown,2012,TRUE,FALSE
GRB 121202A,5.160833333,0.87,0,Non-Detection,Unknown,2012,TRUE,FALSE
GRB 121202A,7.280833333,0.24,0,Non-Detection,Unknown,2012,TRUE,FALSE
GRB 121202A,14.34083333,0.3,0,Non-Detection,Unknown,2012,TRUE,FALSE
GRB 121202A,21.38083333,0.27,0,Non-Detection,Unknown,2012,TRUE,FALSE
GRB 121202A,31.35083333,0.33,0,Non-Detection,Unknown,2012,TRUE,FALSE
GRB 121211A,0.540833333,0.27,0,Non-Detection,1.023,2012,TRUE,FALSE
GRB 121211A,1.660833333,0.21,0,Non-Detection,1.023,2012,TRUE,FALSE
GRB 121211A,2.780833333,0.3,0,Non-Detection,1.023,2012,TRUE,FALSE
GRB 121211A,4.850833333,0.39,0,Non-Detection,1.023,2012,TRUE,FALSE
GRB 121211A,7.640833333,0.33,0,Non-Detection,1.023,2012,TRUE,FALSE
GRB 121211A,21.54083333,0.21,0,Non-Detection,1.023,2012,TRUE,FALSE
GRB 121211A,26.63083333,0.21,0,Non-Detection,1.023,2012,TRUE,FALSE
GRB 121212A,0.023833333,0.21,0,Non-Detection,Unknown,2012,TRUE,FALSE
GRB 130102A,1.840833333,0.21,0,Non-Detection,Unknown,2013,TRUE,FALSE
GRB 130102A,3.700833333,0.3,0,Non-Detection,Unknown,2013,TRUE,FALSE
GRB 130102A,8.710833333,0.27,0,Non-Detection,Unknown,2013,TRUE,FALSE
GRB 130102A,14.84083333,0.69,0,Non-Detection,Unknown,2013,TRUE,FALSE
GRB 130102A,19.62083333,2.61,0,Non-Detection,Unknown,2013,TRUE,FALSE
GRB 130102A,29.71083333,0.3,0,Non-Detection,Unknown,2013,TRUE,FALSE
GRB 130102A,33.62083333,0.18,0,Non-Detection,Unknown,2013,TRUE,FALSE
GRB 130122A,1.260833333,0.93,0,Non-Detection,Unknown,2013,TRUE,FALSE
GRB 130122A,2.120833333,0.39,0,Non-Detection,Unknown,2013,TRUE,FALSE
GRB 130122A,5.140833333,0.21,0,Non-Detection,Unknown,2013,TRUE,FALSE
GRB 130122A,10.10083333,0.36,0,Non-Detection,Unknown,2013,TRUE,FALSE
GRB 130122A,12.18083333,0.27,0,Non-Detection,Unknown,2013,TRUE,FALSE
GRB 130122A,15.26083333,0.18,0,Non-Detection,Unknown,2013,TRUE,FALSE
GRB 130122A,26.09083333,0.27,0,Non-Detection,Unknown,2013,TRUE,FALSE
GRB 130131A,0.330833333,0.18,0,Non-Detection,Unknown,2013,TRUE,FALSE
GRB 130131A,1.420833333,0.36,0,Non-Detection,Unknown,2013,TRUE,FALSE
GRB 130131A,3.490833333,0.21,0,Non-Detection,Unknown,2013,TRUE,FALSE
GRB 130131A,6.580833333,0.21,0,Non-Detection,Unknown,2013,TRUE,FALSE
GRB 130131A,8.410833333,0.21,0,Non-Detection,Unknown,2013,TRUE,FALSE
GRB 130131A,14.50083333,0.24,0,Non-Detection,Unknown,2013,TRUE,FALSE
GRB 130131A,20.48083333,0.18,0,Non-Detection,Unknown,2013,TRUE,FALSE
GRB 130131A,27.47083333,0.18,0,Non-Detection,Unknown,2013,TRUE,FALSE
GRB 130131B,0.160833333,0.48,0,Non-Detection,2.539,2013,TRUE,FALSE
GRB 130131B,3.330833333,0.21,0,Non-Detection,2.539,2013,TRUE,FALSE
GRB 130131B,6.400833333,0.24,0,Non-Detection,2.539,2013,TRUE,FALSE
GRB 130131B,8.240833333,0.24,0,Non-Detection,2.539,2013,TRUE,FALSE
GRB 130131B,14.33083333,0.27,0,Non-Detection,2.539,2013,TRUE,FALSE
GRB 130131B,20.31083333,0.21,0,Non-Detection,2.539,2013,TRUE,FALSE
GRB 130131B,27.29083333,0.21,0,Non-Detection,2.539,2013,TRUE,FALSE
GRB 130327A,0.460833333,0.27,0,Non-Detection,Unknown,2013,TRUE,FALSE
GRB 130327A,1.630833333,0.24,0,Non-Detection,Unknown,2013,TRUE,FALSE
GRB 130327A,7.540833333,0.3,0,Non-Detection,Unknown,2013,TRUE,FALSE
GRB 130327A,11.73083333,0.24,0,Non-Detection,Unknown,2013,TRUE,FALSE
GRB 130327A,13.54083333,0.24,0,Non-Detection,Unknown,2013,TRUE,FALSE
GRB 130327A,21.52083333,0.36,0,Non-Detection,Unknown,2013,TRUE,FALSE
GRB 130327A,28.64083333,0.33,0,Non-Detection,Unknown,2013,TRUE,FALSE
GRB 130418A,1.071666667,0.21,0,Non-Detection,1.218,2013,TRUE,FALSE
GRB 130418A,1.934583333,0.45,0,Non-Detection,1.218,2013,TRUE,FALSE
GRB 130418A,3.01875,0.18,0,Non-Detection,1.218,2013,TRUE,FALSE
GRB 130418A,4.980833333,0.39,0,Non-Detection,1.218,2013,TRUE,FALSE
GRB 130418A,8.020833333,0.21,0,Non-Detection,1.218,2013,TRUE,FALSE
GRB 130418A,13.93083333,0.36,0,Non-Detection,1.218,2013,TRUE,FALSE
GRB 130418A,22.04083333,0.36,0,Non-Detection,1.218,2013,TRUE,FALSE
GRB 130418A,28.83083333,0.81,0,Non-Detection,1.218,2013,TRUE,FALSE
GRB 130419A,0.024833333,0.66,0,Non-Detection,Unknown,2013,TRUE,FALSE
GRB 130419A,1.010833333,0.42,0,Non-Detection,Unknown,2013,TRUE,FALSE
GRB 130419A,1.760833333,0.33,0,Non-Detection,Unknown,2013,TRUE,FALSE
GRB 130419A,4.760833333,0.36,0,Non-Detection,Unknown,2013,TRUE,FALSE
GRB 130419A,7.920833333,0.48,0,Non-Detection,Unknown,2013,TRUE,FALSE
GRB 130419A,13.85083333,0.3,0,Non-Detection,Unknown,2013,TRUE,FALSE
GRB 130419A,20.86083333,0.39,0,Non-Detection,Unknown,2013,TRUE,FALSE
GRB 130419A,28.71083333,0.3,0,Non-Detection,Unknown,2013,TRUE,FALSE
GRB 130420A,0.450833333,0.36,0,Non-Detection,1.297,2013,TRUE,FALSE
GRB 130420A,1.660833333,0.3,0,Non-Detection,1.297,2013,TRUE,FALSE
GRB 130420A,3.590833333,0.27,0,Non-Detection,1.297,2013,TRUE,FALSE
GRB 130420A,5.610833333,0.27,0,Non-Detection,1.297,2013,TRUE,FALSE
GRB 130420A,8.670833333,0.48,0,Non-Detection,1.297,2013,TRUE,FALSE
GRB 130420A,16.56083333,0.24,0,Non-Detection,1.297,2013,TRUE,FALSE
GRB 130420A,21.63083333,0.27,0,Non-Detection,1.297,2013,TRUE,FALSE
GRB 130420A,29.56083333,0.27,0,Non-Detection,1.297,2013,TRUE,FALSE
GRB 130420B,0.320833333,0.27,0,Non-Detection,Unknown,2013,TRUE,FALSE
GRB 130420B,1.4025,0.45,0,Non-Detection,Unknown,2013,TRUE,FALSE
GRB 130420B,3.320833333,0.27,0,Non-Detection,Unknown,2013,TRUE,FALSE
GRB 130420B,5.340833333,0.27,0,Non-Detection,Unknown,2013,TRUE,FALSE
GRB 130420B,15.27083333,0.27,0,Non-Detection,Unknown,2013,TRUE,FALSE
GRB 130420B,22.26083333,0.48,0,Non-Detection,Unknown,2013,TRUE,FALSE
GRB 130420B,29.29083333,0.27,0,Non-Detection,Unknown,2013,TRUE,FALSE
GRB 130427A,0.360833333,3.58,0.25,Detection,0.34,2013,FALSE,FALSE
GRB 130427A,0.640833333,4.54,0.25,Detection,0.34,2013,FALSE,FALSE
GRB 130427A,1.5525,1.83,0.12,Detection,0.34,2013,FALSE,FALSE
GRB 130427A,2.480833333,1.18,0.09,Detection,0.34,2013,FALSE,FALSE
GRB 130427A,2.640833333,0.87,0.13,Detection,0.34,2013,FALSE,FALSE
GRB 130427A,3.55125,0.61,0.07,Detection,0.34,2013,FALSE,FALSE
GRB 130427A,4.5825,0.6,0.06,Detection,0.34,2013,FALSE,FALSE
GRB 130427A,5.528333333,0.55,0.06,Detection,0.34,2013,FALSE,FALSE
GRB 130427A,7.528333333,0.46,0.07,Detection,0.34,2013,FALSE,FALSE
GRB 130427A,10.6425,0.46,0.06,Detection,0.34,2013,FALSE,FALSE
GRB 130427A,13.57166667,0.24,0,Non-Detection,0.34,2013,TRUE,FALSE
GRB 130427A,24.44166667,0.26,0.06,Detection,0.34,2013,FALSE,FALSE
GRB 130427A,39.4425,0.24,0.05,Detection,0.34,2013,FALSE,FALSE
GRB 130427A,59.32333333,0.15,0,Non-Detection,0.34,2013,TRUE,FALSE
GRB 130502A,0.036833333,0.39,0,Non-Detection,Unknown,2013,TRUE,FALSE
GRB 130502A,4.990833333,0.54,0,Non-Detection,Unknown,2013,TRUE,FALSE
GRB 130502A,9.960833333,0.69,0,Non-Detection,Unknown,2013,TRUE,FALSE
GRB 130502A,13.90083333,0.45,0,Non-Detection,Unknown,2013,TRUE,FALSE
GRB 130502A,19.91083333,0.51,0,Non-Detection,Unknown,2013,TRUE,FALSE
GRB 130502A,24.04083333,0.54,0,Non-Detection,Unknown,2013,TRUE,FALSE
GRB 130502A,29.91083333,0.45,0,Non-Detection,Unknown,2013,TRUE,FALSE
GRB 130505A,0.210833333,0.72,0,Non-Detection,2.27,2013,TRUE,FALSE
GRB 130505A,2.420833333,0.33,0,Non-Detection,2.27,2013,TRUE,FALSE
GRB 130505A,5.360833333,0.27,0,Non-Detection,2.27,2013,TRUE,FALSE
GRB 130505A,7.310833333,0.75,0,Non-Detection,2.27,2013,TRUE,FALSE
GRB 130505A,13.33083333,0.24,0,Non-Detection,2.27,2013,TRUE,FALSE
GRB 130505A,21.38083333,0.3,0,Non-Detection,2.27,2013,TRUE,FALSE
GRB 130505A,29.30625,0.6,0,Non-Detection,2.27,2013,TRUE,FALSE
GRB 130505A,33.20666667,0.36,0,Non-Detection,2.27,2013,TRUE,FALSE
GRB 130508A,0.300833333,0.42,0,Non-Detection,Unknown,2013,TRUE,FALSE
GRB 130508A,1.631666667,0.21,0,Non-Detection,Unknown,2013,TRUE,FALSE
GRB 130508A,2.45125,0.51,0,Non-Detection,Unknown,2013,TRUE,FALSE
GRB 130508A,3.610833333,0.24,0,Non-Detection,Unknown,2013,TRUE,FALSE
GRB 130508A,4.500833333,0.21,0,Non-Detection,Unknown,2013,TRUE,FALSE
GRB 130508A,8.470833333,0.21,0,Non-Detection,Unknown,2013,TRUE,FALSE
GRB 130508A,23.48083333,0.24,0,Non-Detection,Unknown,2013,TRUE,FALSE
GRB 130508A,27.50083333,0.27,0,Non-Detection,Unknown,2013,TRUE,FALSE
GRB 130511A,0.230833333,1.17,0,Non-Detection,Unknown,2013,TRUE,FALSE
GRB 130514A,0.023833333,0.57,0,Non-Detection,3.6,2013,TRUE,FALSE
GRB 130514A,0.810833333,3.93,0,Non-Detection,3.6,2013,TRUE,FALSE
GRB 130514A,2.800833333,1.86,0,Non-Detection,3.6,2013,TRUE,FALSE
GRB 130514A,5.900833333,0.69,0,Non-Detection,3.6,2013,TRUE,FALSE
GRB 130514A,21.87083333,0.39,0,Non-Detection,3.6,2013,TRUE,FALSE
GRB 130514A,27.89083333,0.72,0,Non-Detection,3.6,2013,TRUE,FALSE
GRB 130521A,0.420833333,0.93,0,Non-Detection,Unknown,2013,TRUE,FALSE
GRB 130521A,1.67875,0.84,0,Non-Detection,Unknown,2013,TRUE,FALSE
GRB 130521A,2.590833333,0.69,0,Non-Detection,Unknown,2013,TRUE,FALSE
GRB 130521A,3.566666667,0.3,0,Non-Detection,Unknown,2013,TRUE,FALSE
GRB 130521A,9.580833333,0.33,0,Non-Detection,Unknown,2013,TRUE,FALSE
GRB 130521A,14.66458333,0.3,0,Non-Detection,Unknown,2013,TRUE,FALSE
GRB 130521A,23.55083333,0.45,0,Non-Detection,Unknown,2013,TRUE,FALSE
GRB 130521A,28.62083333,0.42,0,Non-Detection,Unknown,2013,TRUE,FALSE
GRB 130603A,0.090833333,0.39,0,Non-Detection,Unknown,2013,TRUE,FALSE
GRB 130603A,1.240833333,0.51,0,Non-Detection,Unknown,2013,TRUE,FALSE
GRB 130603A,2.320833333,0.3,0,Non-Detection,Unknown,2013,TRUE,FALSE
GRB 130603A,4.200833333,0.3,0,Non-Detection,Unknown,2013,TRUE,FALSE
GRB 130603A,7.170833333,0.27,0,Non-Detection,Unknown,2013,TRUE,FALSE
GRB 130603A,14.2625,0.15,0,Non-Detection,Unknown,2013,TRUE,FALSE
GRB 130603A,21.21083333,0.3,0,Non-Detection,Unknown,2013,TRUE,FALSE
GRB 130603A,27.12083333,0.24,0,Non-Detection,Unknown,2013,TRUE,FALSE
GRB 130603B,0.023833333,0.42,0,Non-Detection,0.356,2013,TRUE,FALSE
GRB 130603B,0.1925,0.18,0,Non-Detection,0.356,2013,TRUE,FALSE
GRB 130603B,1.0125,0.24,0,Non-Detection,0.356,2013,TRUE,FALSE
GRB 130603B,2.01125,0.24,0,Non-Detection,0.356,2013,TRUE,FALSE
GRB 130603B,3.090833333,0.3,0,Non-Detection,0.356,2013,TRUE,FALSE
GRB 130603B,6.110833333,0.21,0,Non-Detection,0.356,2013,TRUE,FALSE
GRB 130603B,8.070833333,0.33,0,Non-Detection,0.356,2013,TRUE,FALSE
GRB 130603B,14.07083333,0.3,0,Non-Detection,0.356,2013,TRUE,FALSE
GRB 130603B,22.09083333,0.27,0,Non-Detection,0.356,2013,TRUE,FALSE
GRB 130603B,28.01083333,0.3,0,Non-Detection,0.356,2013,TRUE,FALSE
GRB 130604A,0.520833333,0.27,0,Non-Detection,1.06,2013,TRUE,FALSE
GRB 130604A,3.660833333,0.21,0,Non-Detection,1.06,2013,TRUE,FALSE
GRB 130604A,7.680833333,0.27,0,Non-Detection,1.06,2013,TRUE,FALSE
GRB 130604A,15.78083333,0.51,0,Non-Detection,1.06,2013,TRUE,FALSE
GRB 130604A,21.61083333,0.33,0,Non-Detection,1.06,2013,TRUE,FALSE
GRB 130604A,27.65083333,0.3,0,Non-Detection,1.06,2013,TRUE,FALSE
GRB 130606A,0.023833333,0.24,0,Non-Detection,5.91,2013,TRUE,FALSE
GRB 130606A,2.140833333,0.21,0,Non-Detection,5.91,2013,TRUE,FALSE
GRB 130606A,4.020833333,0.21,0,Non-Detection,5.91,2013,TRUE,FALSE
GRB 130606A,10.08083333,0.27,0,Non-Detection,5.91,2013,TRUE,FALSE
GRB 130606A,14.15083333,0.45,0,Non-Detection,5.91,2013,TRUE,FALSE
GRB 130606A,22.07083333,0.3,0,Non-Detection,5.91,2013,TRUE,FALSE
GRB 130606A,27.15083333,0.24,0,Non-Detection,5.91,2013,TRUE,FALSE
GRB 130608A,0.180833333,0.24,0,Non-Detection,Unknown,2013,TRUE,FALSE
GRB 130608A,1.410833333,0.24,0,Non-Detection,Unknown,2013,TRUE,FALSE
GRB 130608A,3.410833333,0.3,0,Non-Detection,Unknown,2013,TRUE,FALSE
GRB 130608A,5.490833333,0.45,0,Non-Detection,Unknown,2013,TRUE,FALSE
GRB 130608A,8.370833333,0.24,0,Non-Detection,Unknown,2013,TRUE,FALSE
GRB 130608A,12.36083333,0.45,0,Non-Detection,Unknown,2013,TRUE,FALSE
GRB 130608A,16.27416667,0.12,0,Non-Detection,Unknown,2013,TRUE,FALSE
GRB 130608A,20.38083333,0.24,0,Non-Detection,Unknown,2013,TRUE,FALSE
GRB 130608A,26.44083333,0.45,0,Non-Detection,Unknown,2013,TRUE,FALSE
GRB 130608A,34.26083333,0.24,0,Non-Detection,Unknown,2013,TRUE,FALSE
GRB 130609A,0.380833333,0.39,0,Non-Detection,Unknown,2013,TRUE,FALSE
GRB 130609A,1.660833333,0.27,0,Non-Detection,Unknown,2013,TRUE,FALSE
GRB 130609A,5.500833333,0.3,0,Non-Detection,Unknown,2013,TRUE,FALSE
GRB 130609A,7.630833333,0.27,0,Non-Detection,Unknown,2013,TRUE,FALSE
GRB 130609A,8.5125,0.15,0,Non-Detection,Unknown,2013,TRUE,FALSE
GRB 130609A,14.57083333,0.3,0,Non-Detection,Unknown,2013,TRUE,FALSE
GRB 130609A,21.64083333,0.54,0,Non-Detection,Unknown,2013,TRUE,FALSE
GRB 130609A,27.53083333,0.3,0,Non-Detection,Unknown,2013,TRUE,FALSE
GRB 130610A,0.710833333,0.21,0,Non-Detection,2.092,2013,TRUE,FALSE
GRB 130610A,6.720833333,0.24,0,Non-Detection,2.092,2013,TRUE,FALSE
GRB 130610A,8.780833333,0.3,0,Non-Detection,2.092,2013,TRUE,FALSE
GRB 130610A,15.72083333,0.33,0,Non-Detection,2.092,2013,TRUE,FALSE
GRB 130610A,21.77083333,0.3,0,Non-Detection,2.092,2013,TRUE,FALSE
GRB 130610A,29.74083333,0.3,0,Non-Detection,2.092,2013,TRUE,FALSE
GRB 130612A,0.023833333,0.45,0,Non-Detection,2.006,2013,TRUE,FALSE
GRB 130612A,4.850833333,0.27,0,Non-Detection,2.006,2013,TRUE,FALSE
GRB 130612A,6.980833333,0.51,0,Non-Detection,2.006,2013,TRUE,FALSE
GRB 130612A,13.81083333,0.27,0,Non-Detection,2.006,2013,TRUE,FALSE
GRB 130612A,20.72083333,0.33,0,Non-Detection,2.006,2013,TRUE,FALSE
GRB 130612A,27.77083333,0.36,0,Non-Detection,2.006,2013,TRUE,FALSE
GRB 130625A,0.023833333,0.24,0,Non-Detection,Unknown,2013,TRUE,FALSE
GRB 130625A,1.070833333,0.27,0,Non-Detection,Unknown,2013,TRUE,FALSE
GRB 130625A,4.980833333,0.33,0,Non-Detection,Unknown,2013,TRUE,FALSE
GRB 130625A,7.940833333,1.35,0,Non-Detection,Unknown,2013,TRUE,FALSE
GRB 130625A,19.92083333,0.33,0,Non-Detection,Unknown,2013,TRUE,FALSE
GRB 130625A,27.00083333,0.59,0.14,Detection,Unknown,2013,FALSE,FALSE
GRB 130701A,0.055083333,0.18,0,Non-Detection,1.155,2013,TRUE,FALSE
GRB 130701A,1.150833333,0.36,0,Non-Detection,1.155,2013,TRUE,FALSE
GRB 130701A,2.930833333,0.21,0,Non-Detection,1.155,2013,TRUE,FALSE
GRB 130701A,5.920833333,0.3,0,Non-Detection,1.155,2013,TRUE,FALSE
GRB 130701A,14.08083333,0.27,0,Non-Detection,1.155,2013,TRUE,FALSE
GRB 130701A,24.08083333,0.45,0,Non-Detection,1.155,2013,TRUE,FALSE
GRB 130701A,26.99083333,0.3,0,Non-Detection,1.155,2013,TRUE,FALSE
GRB 130702A,3.831666667,1.54,0.15,Detection,Unknown,2013,FALSE,FALSE
GRB 130702A,4.740833333,1.56,0.16,Detection,Unknown,2013,FALSE,FALSE
GRB 130702A,7.81125,0.73,0.13,Detection,Unknown,2013,FALSE,FALSE
GRB 130702A,8.80125,0.89,0.1,Detection,Unknown,2013,FALSE,FALSE
GRB 130702A,10.81541667,0.69,0.12,Detection,Unknown,2013,FALSE,FALSE
GRB 130702A,12.80125,0.57,0.09,Detection,Unknown,2013,FALSE,FALSE
GRB 130702A,15.84208333,0.5,0.12,Detection,Unknown,2013,FALSE,FALSE
GRB 130702A,20.79208333,0.36,0,Non-Detection,Unknown,2013,TRUE,FALSE
GRB 130702A,24.90166667,0.59,0.11,Detection,Unknown,2013,FALSE,FALSE
GRB 130702A,26.83208333,0.45,0.09,Detection,Unknown,2013,FALSE,FALSE
GRB 130702A,29.69208333,0.45,0,Non-Detection,Unknown,2013,TRUE,FALSE
GRB 130806A,0.023833333,0.39,0,Non-Detection,Unknown,2013,TRUE,FALSE
GRB 130806A,1.1125,0.15,0,Non-Detection,Unknown,2013,TRUE,FALSE
GRB 130806A,7.2025,0.15,0,Non-Detection,Unknown,2013,TRUE,FALSE
GRB 130806A,10.0325,0.45,0,Non-Detection,Unknown,2013,TRUE,FALSE
GRB 130829A,0.130833333,0.33,0,Non-Detection,Unknown,2013,TRUE,FALSE
GRB 130831A,0.4425,0.18,0,Non-Detection,0.4791,2013,TRUE,FALSE
GRB 130831A,1.483333333,0.15,0,Non-Detection,0.4791,2013,TRUE,FALSE
GRB 130831A,3.463333333,0.18,0,Non-Detection,0.4791,2013,TRUE,FALSE
GRB 130831A,7.523333333,0.21,0,Non-Detection,0.4791,2013,TRUE,FALSE
GRB 130831A,10.51333333,0.18,0,Non-Detection,0.4791,2013,TRUE,FALSE
GRB 130907A,0.551666667,1.04,0.13,Detection,1.238,2013,FALSE,FALSE
GRB 130907A,1.782916667,0.75,0.12,Detection,1.238,2013,FALSE,FALSE
GRB 130907A,3.66,0.27,0,Non-Detection,1.238,2013,TRUE,FALSE
GRB 130907A,3.813333333,0.24,0,Non-Detection,1.238,2013,TRUE,FALSE
GRB 130907A,6.74375,0.21,0,Non-Detection,1.238,2013,TRUE,FALSE
GRB 130907A,8.7025,0.18,0,Non-Detection,1.238,2013,TRUE,FALSE
GRB 130912A,4.823333333,0.15,0,Non-Detection,Unknown,2013,TRUE,FALSE
GRB 130912A,7.823333333,0.15,0,Non-Detection,Unknown,2013,TRUE,FALSE
GRB 130912A,9.763333333,0.18,0,Non-Detection,Unknown,2013,TRUE,FALSE
GRB 131002A,0.2325,0.24,0,Non-Detection,Unknown,2013,TRUE,FALSE
GRB 131002A,1.423333333,0.15,0,Non-Detection,Unknown,2013,TRUE,FALSE
GRB 131002A,3.463333333,0.15,0,Non-Detection,Unknown,2013,TRUE,FALSE
GRB 131002A,7.313333333,0.15,0,Non-Detection,Unknown,2013,TRUE,FALSE
GRB 131002A,10.40333333,0.27,0,Non-Detection,Unknown,2013,TRUE,FALSE
GRB 131024B,0.231666667,0.21,0,Non-Detection,Unknown,2013,TRUE,FALSE
GRB 131024B,1.532916667,0.15,0,Non-Detection,Unknown,2013,TRUE,FALSE
GRB 131024B,6.293333333,0.15,0,Non-Detection,Unknown,2013,TRUE,FALSE
GRB 131024B,8.323333333,0.18,0,Non-Detection,Unknown,2013,TRUE,FALSE
GRB 131024B,12.30958333,0.12,0,Non-Detection,Unknown,2013,TRUE,FALSE
GRB 131127A,0.131666667,0.21,0,Non-Detection,Unknown,2013,TRUE,FALSE
GRB 131127A,1.372916667,0.12,0,Non-Detection,Unknown,2013,TRUE,FALSE
GRB 131127A,3.353333333,0.12,0,Non-Detection,Unknown,2013,TRUE,FALSE
GRB 131127A,7.313333333,0.12,0,Non-Detection,Unknown,2013,TRUE,FALSE
GRB 131127A,10.32333333,0.12,0,Non-Detection,Unknown,2013,TRUE,FALSE
GRB 131128A,0.058666667,0.21,0,Non-Detection,Unknown,2013,TRUE,FALSE
GRB 131128A,1.163333333,0.12,0,Non-Detection,Unknown,2013,TRUE,FALSE
GRB 131128A,3.163333333,0.15,0,Non-Detection,Unknown,2013,TRUE,FALSE
GRB 131128A,8.163333333,0.15,0,Non-Detection,Unknown,2013,TRUE,FALSE
GRB 131128A,10.19333333,0.15,0,Non-Detection,Unknown,2013,TRUE,FALSE
GRB 140103A,2.273333333,0.15,0,Non-Detection,Unknown,2014,TRUE,FALSE
GRB 140103A,5.263333333,0.12,0,Non-Detection,Unknown,2014,TRUE,FALSE
GRB 140103A,7.273333333,0.12,0,Non-Detection,Unknown,2014,TRUE,FALSE
GRB 140103A,10.39333333,0.18,0,Non-Detection,Unknown,2014,TRUE,FALSE
GRB 140108A,0.044666667,0.45,0,Non-Detection,Unknown,2014,TRUE,FALSE
GRB 140108A,0.923333333,0.15,0,Non-Detection,Unknown,2014,TRUE,FALSE
GRB 140108A,1.853333333,0.15,0,Non-Detection,Unknown,2014,TRUE,FALSE
GRB 140108A,2.883333333,0.12,0,Non-Detection,Unknown,2014,TRUE,FALSE
GRB 140108A,4.913333333,0.15,0,Non-Detection,Unknown,2014,TRUE,FALSE
GRB 140114A,1.643333333,0.15,0,Non-Detection,3,2014,TRUE,FALSE
GRB 140114A,3.783333333,0.18,0,Non-Detection,3,2014,TRUE,FALSE
GRB 140114A,9.743333333,0.12,0,Non-Detection,3,2014,TRUE,FALSE
GRB 140129B,2.913333333,0.12,0,Non-Detection,Unknown,2014,TRUE,FALSE
GRB 140129B,11.99333333,0.18,0,Non-Detection,Unknown,2014,TRUE,FALSE
GRB 140129B,15.0725,0.18,0,Non-Detection,Unknown,2014,TRUE,FALSE
GRB 140206A,1.728333333,0.27,0,Non-Detection,2.73,2014,TRUE,FALSE
GRB 140209A,1.443333333,0.43,0.1,Detection,Unknown,2014,FALSE,FALSE
GRB 140209A,2.593333333,0.12,0,Non-Detection,Unknown,2014,TRUE,FALSE
GRB 140209A,4.473333333,0.12,0,Non-Detection,Unknown,2014,TRUE,FALSE
GRB 140209A,9.503333333,0.15,0,Non-Detection,Unknown,2014,TRUE,FALSE
GRB 140211A,0.251666667,0.3,0,Non-Detection,Unknown,2014,TRUE,FALSE
GRB 140211A,2.443333333,0.09,0,Non-Detection,Unknown,2014,TRUE,FALSE
GRB 140211A,5.403333333,0.12,0,Non-Detection,Unknown,2014,TRUE,FALSE
GRB 140211A,7.473333333,0.12,0,Non-Detection,Unknown,2014,TRUE,FALSE
GRB 140211A,10.42333333,0.09,0,Non-Detection,Unknown,2014,TRUE,FALSE
GRB 140215A,1.5725,0.15,0,Non-Detection,Unknown,2014,TRUE,FALSE
GRB 140215A,4.743333333,0.12,0,Non-Detection,Unknown,2014,TRUE,FALSE
GRB 140215A,7.613333333,0.09,0,Non-Detection,Unknown,2014,TRUE,FALSE
GRB 140215A,10.74333333,0.12,0,Non-Detection,Unknown,2014,TRUE,FALSE
GRB 140304A,0.044666667,0.15,0,Non-Detection,5.28,2014,TRUE,FALSE
GRB 140304A,1.042916667,0.21,0,Non-Detection,5.28,2014,TRUE,FALSE
GRB 140304A,1.226666667,0.15,0,Non-Detection,5.28,2014,TRUE,FALSE
GRB 140304A,2.16375,0.12,0,Non-Detection,5.28,2014,TRUE,FALSE
GRB 140304A,2.993333333,0.38,0.05,Detection,5.28,2014,FALSE,FALSE
GRB 140304A,4.123333333,0.18,0.04,Detection,5.28,2014,FALSE,FALSE
GRB 140304A,5.003333333,0.24,0.04,Detection,5.28,2014,FALSE,FALSE
GRB 140304A,6.153333333,0.23,0.04,Detection,5.28,2014,FALSE,FALSE
GRB 140304A,7.143333333,0.12,0,Non-Detection,5.28,2014,TRUE,FALSE
GRB 140304A,8.082916667,0.12,0,Non-Detection,5.28,2014,TRUE,FALSE
GRB 140304A,9.025,0.12,0,Non-Detection,5.28,2014,TRUE,FALSE
GRB 140304A,10.13333333,0.12,0,Non-Detection,5.28,2014,TRUE,FALSE
GRB 140304A,13.00333333,0.12,0,Non-Detection,5.28,2014,TRUE,FALSE
GRB 140304A,17.07291667,0.15,0,Non-Detection,5.28,2014,TRUE,FALSE
GRB 140304A,18.96333333,0.12,0,Non-Detection,5.28,2014,TRUE,FALSE
GRB 140304A,24.96333333,0.15,0,Non-Detection,5.28,2014,TRUE,FALSE
GRB 140304A,28.00333333,0.18,0,Non-Detection,5.28,2014,TRUE,FALSE
GRB 140305A,0.044666667,0.33,0,Non-Detection,Unknown,2014,TRUE,FALSE
GRB 140305A,0.913333333,0.12,0,Non-Detection,Unknown,2014,TRUE,FALSE
GRB 140305A,2.883333333,0.29,0.06,Detection,Unknown,2014,FALSE,FALSE
GRB 140305A,4.9325,0.15,0,Non-Detection,Unknown,2014,TRUE,FALSE
GRB 140305A,6.843333333,0.34,0.06,Detection,Unknown,2014,FALSE,FALSE
GRB 140305A,9.873333333,0.42,0.06,Detection,Unknown,2014,FALSE,FALSE
GRB 140305A,12.74416667,0.34,0.07,Detection,Unknown,2014,FALSE,FALSE
GRB 140305A,15.85291667,0.39,0.07,Detection,Unknown,2014,FALSE,FALSE
GRB 140305A,21.74333333,0.28,0.06,Detection,Unknown,2014,FALSE,FALSE
GRB 140305A,24.84333333,0.15,0,Non-Detection,Unknown,2014,TRUE,FALSE
GRB 140305A,26.76333333,0.18,0,Non-Detection,Unknown,2014,TRUE,FALSE
GRB 140311B,0.161666667,0.18,0,Non-Detection,Unknown,2014,TRUE,FALSE
GRB 140311B,1.283333333,0.18,0,Non-Detection,Unknown,2014,TRUE,FALSE
GRB 140311B,3.403333333,0.12,0,Non-Detection,Unknown,2014,TRUE,FALSE
GRB 140311B,6.295,0.12,0,Non-Detection,Unknown,2014,TRUE,FALSE
GRB 140311B,11.24333333,0.12,0,Non-Detection,Unknown,2014,TRUE,FALSE
GRB 140318A,0.051666667,0.18,0,Non-Detection,1.02,2014,TRUE,FALSE
GRB 140318A,1.013333333,0.12,0,Non-Detection,1.02,2014,TRUE,FALSE
GRB 140318A,8.053333333,0.28,0.05,Detection,1.02,2014,FALSE,FALSE
GRB 140318A,11.03333333,0.12,0,Non-Detection,1.02,2014,TRUE,FALSE
GRB 140320C,1.232916667,0.12,0,Non-Detection,Unknown,2014,TRUE,FALSE
GRB 140320C,2.213333333,0.14,0.03,Detection,Unknown,2014,FALSE,FALSE
GRB 140320C,4.243333333,0.12,0,Non-Detection,Unknown,2014,TRUE,FALSE
GRB 140320C,8.313333333,0.12,0,Non-Detection,Unknown,2014,TRUE,FALSE
GRB 140320C,10.36333333,0.12,0,Non-Detection,Unknown,2014,TRUE,FALSE
GRB 140419A,0.421666667,0.21,0,Non-Detection,3.956,2014,TRUE,FALSE
GRB 140419A,2.543333333,0.18,0,Non-Detection,3.956,2014,TRUE,FALSE
GRB 140419A,3.613333333,0.18,0,Non-Detection,3.956,2014,TRUE,FALSE
GRB 140419A,4.504583333,0.15,0,Non-Detection,3.956,2014,TRUE,FALSE
GRB 140419A,6.483333333,0.27,0,Non-Detection,3.956,2014,TRUE,FALSE
GRB 140419A,8.573333333,0.12,0,Non-Detection,3.956,2014,TRUE,FALSE
GRB 140419A,10.55333333,0.15,0,Non-Detection,3.956,2014,TRUE,FALSE
GRB 140419A,17.60333333,0.12,0,Non-Detection,3.956,2014,TRUE,FALSE
GRB 140423A,0.421666667,0.21,0,Non-Detection,3.26,2014,TRUE,FALSE
GRB 140423A,1.523333333,0.15,0,Non-Detection,3.26,2014,TRUE,FALSE
GRB 140423A,3.553333333,0.12,0,Non-Detection,3.26,2014,TRUE,FALSE
GRB 140423A,7.4675,0.24,0,Non-Detection,3.26,2014,TRUE,FALSE
GRB 140423A,7.574583333,0.27,0,Non-Detection,3.26,2014,TRUE,FALSE
GRB 140423A,10.51333333,0.09,0,Non-Detection,3.26,2014,TRUE,FALSE
GRB 140428A,0.953333333,0.12,0,Non-Detection,4.7,2014,TRUE,FALSE
GRB 140428A,3.043333333,0.18,0,Non-Detection,4.7,2014,TRUE,FALSE
GRB 140428A,6.973333333,0.12,0,Non-Detection,4.7,2014,TRUE,FALSE
GRB 140428A,9.953333333,0.15,0,Non-Detection,4.7,2014,TRUE,FALSE
GRB 140430A,0.032166667,0.72,0,Non-Detection,1.6,2014,TRUE,FALSE
GRB 140430A,0.943333333,0.33,0,Non-Detection,1.6,2014,TRUE,FALSE
GRB 140430A,2.783333333,0.15,0,Non-Detection,1.6,2014,TRUE,FALSE
GRB 140430A,6.699583333,0.18,0,Non-Detection,1.6,2014,TRUE,FALSE
GRB 140430A,9.6975,0.42,0,Non-Detection,1.6,2014,TRUE,FALSE
GRB 140430A,11.73333333,0.24,0,Non-Detection,1.6,2014,TRUE,FALSE
GRB 140502A,0.045666667,0.18,0,Non-Detection,Unknown,2014,TRUE,FALSE
GRB 140502A,1.033333333,0.12,0,Non-Detection,Unknown,2014,TRUE,FALSE
GRB 140502A,3.003333333,0.12,0,Non-Detection,Unknown,2014,TRUE,FALSE
GRB 140502A,6.973333333,0.12,0,Non-Detection,Unknown,2014,TRUE,FALSE
GRB 140502A,10.04208333,0.27,0,Non-Detection,Unknown,2014,TRUE,FALSE
GRB 140508A,9.013333333,0.15,0,Non-Detection,Unknown,2014,TRUE,FALSE
GRB 140508A,12.03333333,0.12,0,Non-Detection,Unknown,2014,TRUE,FALSE
GRB 140508A,12.99333333,0.12,0,Non-Detection,Unknown,2014,TRUE,FALSE
GRB 140508A,16.87333333,0.24,0,Non-Detection,Unknown,2014,TRUE,FALSE
GRB 140515A,0.301666667,0.54,0,Non-Detection,6.32,2014,TRUE,FALSE
GRB 140515A,1.61,0.27,0,Non-Detection,6.32,2014,TRUE,FALSE
GRB 140515A,3.383333333,0.36,0,Non-Detection,6.32,2014,TRUE,FALSE
GRB 140515A,4.383333333,0.21,0,Non-Detection,6.32,2014,TRUE,FALSE
GRB 140515A,5.393333333,0.15,0,Non-Detection,6.32,2014,TRUE,FALSE
GRB 140515A,6.413333333,0.15,0,Non-Detection,6.32,2014,TRUE,FALSE
GRB 140516A,0.043666667,0.3,0,Non-Detection,Unknown,2014,TRUE,FALSE
GRB 140516A,2.093333333,0.21,0,Non-Detection,Unknown,2014,TRUE,FALSE
GRB 140516A,4.103333333,0.12,0,Non-Detection,Unknown,2014,TRUE,FALSE
GRB 140516A,7.113333333,0.12,0,Non-Detection,Unknown,2014,TRUE,FALSE
GRB 140518A,0.733333333,0.24,0,Non-Detection,4.707,2014,TRUE,FALSE
GRB 140518A,1.543333333,0.15,0,Non-Detection,4.707,2014,TRUE,FALSE
GRB 140518A,3.55625,0.3,0,Non-Detection,4.707,2014,TRUE,FALSE
GRB 140518A,7.633333333,0.12,0,Non-Detection,4.707,2014,TRUE,FALSE
GRB 140518A,10.49333333,0.18,0,Non-Detection,4.707,2014,TRUE,FALSE
GRB 140521A,1.573333333,0.12,0,Non-Detection,Unknown,2014,TRUE,FALSE
GRB 140521A,7.533333333,0.27,0,Non-Detection,Unknown,2014,TRUE,FALSE
GRB 140521A,10.42333333,0.12,0,Non-Detection,Unknown,2014,TRUE,FALSE
GRB 140606B,4.043333333,0.18,0,Non-Detection,Unknown,2014,TRUE,FALSE
GRB 140606B,5.003333333,0.15,0,Non-Detection,Unknown,2014,TRUE,FALSE
GRB 140606B,7.123333333,0.18,0,Non-Detection,Unknown,2014,TRUE,FALSE
GRB 140606B,10.99333333,0.12,0,Non-Detection,Unknown,2014,TRUE,FALSE
GRB 140606B,14.06333333,0.15,0,Non-Detection,Unknown,2014,TRUE,FALSE
GRB 140606B,26.02333333,0.18,0,Non-Detection,Unknown,2014,TRUE,FALSE
GRB 140607A,0.025916667,0.66,0,Non-Detection,Unknown,2014,TRUE,FALSE
GRB 140607A,1.833333333,0.59,0.12,Detection,Unknown,2014,FALSE,FALSE
GRB 140607A,3.843333333,0.84,0,Non-Detection,Unknown,2014,TRUE,FALSE
GRB 140623A,9.543333333,0.15,0,Non-Detection,Unknown,2014,TRUE,FALSE
GRB 140629A,1.353333333,0.15,0,Non-Detection,2.28,2014,TRUE,FALSE
GRB 140629A,2.363333333,0.15,0,Non-Detection,2.28,2014,TRUE,FALSE
GRB 140629A,3.357083333,0.12,0,Non-Detection,2.28,2014,TRUE,FALSE
GRB 140629A,4.393333333,0.18,0,Non-Detection,2.28,2014,TRUE,FALSE
GRB 140629A,5.395,0.18,0,Non-Detection,2.28,2014,TRUE,FALSE
GRB 140629A,7.223333333,0.12,0,Non-Detection,2.28,2014,TRUE,FALSE
GRB 140629A,11.285,0.12,0,Non-Detection,2.28,2014,TRUE,FALSE
GRB 140629A,17.20333333,0.18,0,Non-Detection,2.28,2014,TRUE,FALSE
GRB 140629A,23.24333333,0.15,0,Non-Detection,2.28,2014,TRUE,FALSE
GRB 140703A,0.059666667,0.21,0,Non-Detection,3.14,2014,TRUE,FALSE
GRB 140703A,1.273333333,0.32,0.06,Detection,3.14,2014,FALSE,FALSE
GRB 140703A,3.133333333,0.49,0.06,Detection,3.14,2014,FALSE,FALSE
GRB 140703A,4.193333333,0.24,0.04,Detection,3.14,2014,FALSE,FALSE
GRB 140703A,5.195,0.26,0.04,Detection,3.14,2014,FALSE,FALSE
GRB 140703A,9.193333333,0.21,0,Non-Detection,3.14,2014,TRUE,FALSE
GRB 140703A,11.18333333,0.2,0.04,Detection,3.14,2014,FALSE,FALSE
GRB 140703A,12.24333333,0.15,0,Non-Detection,3.14,2014,TRUE,FALSE
GRB 140703A,14.155,0.18,0,Non-Detection,3.14,2014,TRUE,FALSE
GRB 140703A,17.20333333,0.15,0,Non-Detection,3.14,2014,TRUE,FALSE
GRB 140703A,25.21333333,0.15,0,Non-Detection,3.14,2014,TRUE,FALSE
GRB 140709A,0.044666667,0.21,0,Non-Detection,Unknown,2014,TRUE,FALSE
GRB 140709A,1.073333333,0.12,0,Non-Detection,Unknown,2014,TRUE,FALSE
GRB 140709A,2.963333333,0.46,0.05,Detection,Unknown,2014,FALSE,FALSE
GRB 140709A,5.993333333,0.29,0.05,Detection,Unknown,2014,FALSE,FALSE
GRB 140709A,6.963333333,0.28,0.05,Detection,Unknown,2014,FALSE,FALSE
GRB 140709A,9.053333333,0.24,0,Non-Detection,Unknown,2014,TRUE,FALSE
GRB 140709A,10.00333333,0.18,0,Non-Detection,Unknown,2014,TRUE,FALSE
GRB 140709A,12.98333333,0.12,0,Non-Detection,Unknown,2014,TRUE,FALSE
GRB 140709A,14.89333333,0.12,0,Non-Detection,Unknown,2014,TRUE,FALSE
GRB 140709A,19.01333333,0.15,0,Non-Detection,Unknown,2014,TRUE,FALSE
GRB 140709A,22.89333333,0.15,0,Non-Detection,Unknown,2014,TRUE,FALSE
GRB 140709B,0.044666667,0.15,0,Non-Detection,Unknown,2014,TRUE,FALSE
GRB 140709B,0.963333333,0.18,0,Non-Detection,Unknown,2014,TRUE,FALSE
GRB 140709B,6.913333333,0.18,0,Non-Detection,Unknown,2014,TRUE,FALSE
GRB 140709B,9.873333333,0.18,0,Non-Detection,Unknown,2014,TRUE,FALSE
GRB 140710A,0.983333333,0.21,0,Non-Detection,0.558,2014,TRUE,FALSE
GRB 140710A,2.903333333,0.3,0,Non-Detection,0.558,2014,TRUE,FALSE
GRB 140710A,5.933333333,0.18,0,Non-Detection,0.558,2014,TRUE,FALSE
GRB 140710A,9.973333333,0.18,0,Non-Detection,0.558,2014,TRUE,FALSE
GRB 140713A,0.045666667,0.27,0,Non-Detection,Unknown,2014,TRUE,FALSE
GRB 140713A,1.093333333,0.18,0,Non-Detection,Unknown,2014,TRUE,FALSE
GRB 140713A,3.183333333,0.6,0.09,Detection,Unknown,2014,FALSE,FALSE
GRB 140713A,4.163333333,0.27,0,Non-Detection,Unknown,2014,TRUE,FALSE
GRB 140713A,5.093333333,0.78,0.09,Detection,Unknown,2014,FALSE,FALSE
GRB 140713A,6.243333333,0.84,0.07,Detection,Unknown,2014,FALSE,FALSE
GRB 140713A,7.243333333,0.82,0.09,Detection,Unknown,2014,FALSE,FALSE
GRB 140713A,9.223333333,1.37,0.08,Detection,Unknown,2014,FALSE,FALSE
GRB 140713A,11.16333333,1.31,0.1,Detection,Unknown,2014,FALSE,FALSE
GRB 140713A,13.19333333,1.65,0.1,Detection,Unknown,2014,FALSE,FALSE
GRB 140713A,15.08333333,0.87,0.07,Detection,Unknown,2014,FALSE,FALSE
GRB 140713A,17.11333333,0.69,0.07,Detection,Unknown,2014,FALSE,FALSE
GRB 140713A,19.16333333,0.89,0.07,Detection,Unknown,2014,FALSE,FALSE
GRB 140713A,21.16333333,1.05,0.07,Detection,Unknown,2014,FALSE,FALSE
GRB 140713A,23.12333333,0.7,0.07,Detection,Unknown,2014,FALSE,FALSE
GRB 140713A,24.17333333,0.79,0.06,Detection,Unknown,2014,FALSE,FALSE
GRB 140713A,30.0725,0.71,0.07,Detection,Unknown,2014,FALSE,FALSE
GRB 140713A,32.1525,0.53,0.07,Detection,Unknown,2014,FALSE,FALSE
GRB 140713A,34.13166667,0.4,0.06,Detection,Unknown,2014,FALSE,FALSE
GRB 140713A,36.08333333,0.49,0.07,Detection,Unknown,2014,FALSE,FALSE
GRB 140713A,38.05166667,0.18,0,Non-Detection,Unknown,2014,TRUE,FALSE
GRB 140713A,41.03333333,0.35,0.05,Detection,Unknown,2014,FALSE,FALSE
GRB 140713A,45.15333333,0.29,0.04,Detection,Unknown,2014,FALSE,FALSE
GRB 140713A,47.12333333,0.27,0.05,Detection,Unknown,2014,FALSE,FALSE
GRB 140713A,49.0175,0.21,0,Non-Detection,Unknown,2014,TRUE,FALSE
GRB 140713A,50.09333333,0.32,0.08,Detection,Unknown,2014,FALSE,FALSE
GRB 140713A,51.02291667,0.18,0.04,Detection,Unknown,2014,FALSE,FALSE
GRB 140713A,54.05333333,0.12,0,Non-Detection,Unknown,2014,TRUE,FALSE
GRB 140713A,56.08125,0.21,0,Non-Detection,Unknown,2014,TRUE,FALSE
GRB 140713A,59.10333333,0.18,0,Non-Detection,Unknown,2014,TRUE,FALSE
GRB 140713A,63.02333333,0.15,0,Non-Detection,Unknown,2014,TRUE,FALSE
GRB 140713A,66.00083333,0.09,0,Non-Detection,Unknown,2014,TRUE,FALSE
GRB 140713A,72.07333333,0.12,0,Non-Detection,Unknown,2014,TRUE,FALSE
GRB 140713A,80.93083333,0.15,0,Non-Detection,Unknown,2014,TRUE,FALSE
GRB 140801A,3.323333333,0.15,0,Non-Detection,Unknown,2014,TRUE,FALSE
GRB 140801A,4.443333333,0.21,0,Non-Detection,Unknown,2014,TRUE,FALSE
GRB 140801A,6.403333333,0.15,0,Non-Detection,Unknown,2014,TRUE,FALSE
GRB 140801A,7.533333333,0.15,0,Non-Detection,Unknown,2014,TRUE,FALSE
GRB 140801A,11.36333333,0.12,0,Non-Detection,Unknown,2014,TRUE,FALSE
GRB 140801A,13.37333333,0.12,0,Non-Detection,Unknown,2014,TRUE,FALSE
GRB 140817A,1.093333333,0.12,0,Non-Detection,Unknown,2014,TRUE,FALSE
GRB 140817A,3.063333333,0.12,0,Non-Detection,Unknown,2014,TRUE,FALSE
GRB 140817A,5.223333333,0.15,0,Non-Detection,Unknown,2014,TRUE,FALSE
GRB 140817A,7.066666667,0.12,0,Non-Detection,Unknown,2014,TRUE,FALSE
GRB 140817A,10.07333333,0.15,0,Non-Detection,Unknown,2014,TRUE,FALSE
GRB 140824A,0.111666667,0.27,0,Non-Detection,Unknown,2014,TRUE,FALSE
GRB 140824A,3.223333333,0.15,0,Non-Detection,Unknown,2014,TRUE,FALSE
GRB 140824A,7.313333333,0.18,0,Non-Detection,Unknown,2014,TRUE,FALSE
GRB 140824A,10.22333333,0.15,0,Non-Detection,Unknown,2014,TRUE,FALSE
GRB 140907A,0.363333333,0.33,0,Non-Detection,Unknown,2014,TRUE,FALSE
GRB 140907A,1.583333333,0.27,0,Non-Detection,Unknown,2014,TRUE,FALSE
GRB 140907A,3.463333333,0.33,0,Non-Detection,Unknown,2014,TRUE,FALSE
GRB 140907A,7.403333333,0.27,0,Non-Detection,Unknown,2014,TRUE,FALSE
GRB 140907A,10.41333333,0.24,0,Non-Detection,Unknown,2014,TRUE,FALSE
GRB 140930B,0.042666667,0.24,0,Non-Detection,Unknown,2014,TRUE,FALSE
GRB 140930B,1.223333333,0.15,0,Non-Detection,Unknown,2014,TRUE,FALSE
GRB 140930B,3.193333333,0.15,0,Non-Detection,Unknown,2014,TRUE,FALSE
GRB 140930B,7.233333333,0.12,0,Non-Detection,Unknown,2014,TRUE,FALSE
GRB 140930B,10.20333333,0.12,0,Non-Detection,Unknown,2014,TRUE,FALSE
GRB 141005A,0.371666667,0.18,0,Non-Detection,Unknown,2014,TRUE,FALSE
GRB 141005A,1.563333333,0.12,0,Non-Detection,Unknown,2014,TRUE,FALSE
GRB 141005A,3.425833333,0.21,0,Non-Detection,Unknown,2014,TRUE,FALSE
GRB 141005A,4.509166667,0.21,0,Non-Detection,Unknown,2014,TRUE,FALSE
GRB 141005A,7.493333333,0.12,0,Non-Detection,Unknown,2014,TRUE,FALSE
GRB 141005A,10.45333333,0.15,0,Non-Detection,Unknown,2014,TRUE,FALSE
GRB 141026A,0.043666667,0.18,0,Non-Detection,3.35,2014,TRUE,FALSE
GRB 141026A,0.903333333,0.12,0,Non-Detection,3.35,2014,TRUE,FALSE
GRB 141026A,2.853333333,0.12,0,Non-Detection,3.35,2014,TRUE,FALSE
GRB 141026A,6.993333333,0.12,0,Non-Detection,3.35,2014,TRUE,FALSE
GRB 141026A,8.863333333,0.09,0,Non-Detection,3.35,2014,TRUE,FALSE
GRB 141026A,9.883333333,0.09,0,Non-Detection,3.35,2014,TRUE,FALSE
GRB 141026A,13.92333333,0.45,0,Non-Detection,3.35,2014,TRUE,FALSE
GRB 141026A,18.93333333,0.12,0,Non-Detection,3.35,2014,TRUE,FALSE
GRB 141031B,0.092083333,0.21,0,Non-Detection,Unknown,2014,TRUE,FALSE
GRB 141031B,1.293333333,0.12,0,Non-Detection,Unknown,2014,TRUE,FALSE
GRB 141031B,3.173333333,0.12,0,Non-Detection,Unknown,2014,TRUE,FALSE
GRB 141031B,8.233333333,1.29,0,Non-Detection,Unknown,2014,TRUE,FALSE
GRB 141031B,10.19333333,0.12,0,Non-Detection,Unknown,2014,TRUE,FALSE
GRB 141109B,0.043666667,0.42,0,Non-Detection,2.993,2014,TRUE,FALSE
GRB 141109B,1.113333333,0.27,0,Non-Detection,2.993,2014,TRUE,FALSE
GRB 141109B,3.060416667,0.75,0,Non-Detection,2.993,2014,TRUE,FALSE
GRB 141109B,3.243333333,0.18,0,Non-Detection,2.993,2014,TRUE,FALSE
GRB 141109B,5.233333333,0.57,0,Non-Detection,2.993,2014,TRUE,FALSE
GRB 141109B,6.187916667,0.33,0,Non-Detection,2.993,2014,TRUE,FALSE
GRB 141109B,7.163333333,0.21,0,Non-Detection,2.993,2014,TRUE,FALSE
GRB 141109B,11.15333333,0.15,0,Non-Detection,2.993,2014,TRUE,FALSE
GRB 141121A,0.045666667,0.54,0,Non-Detection,1.47,2014,TRUE,FALSE
GRB 141121A,0.973333333,0.18,0,Non-Detection,1.47,2014,TRUE,FALSE
GRB 141121A,3.093333333,0.37,0.07,Detection,1.47,2014,FALSE,FALSE
GRB 141121A,4.893333333,0.36,0,Non-Detection,1.47,2014,TRUE,FALSE
GRB 141121A,6.963333333,0.32,0.06,Detection,1.47,2014,FALSE,FALSE
GRB 141121A,8.073333333,0.36,0.06,Detection,1.47,2014,FALSE,FALSE
GRB 141121A,9.053333333,0.31,0.07,Detection,1.47,2014,FALSE,FALSE
GRB 141121A,10.96583333,0.09,0,Non-Detection,1.47,2014,TRUE,FALSE
GRB 141121A,11.92333333,0.37,0.06,Detection,1.47,2014,FALSE,FALSE
GRB 141121A,13.05333333,0.12,0,Non-Detection,1.47,2014,TRUE,FALSE
GRB 141121A,14.93333333,0.09,0,Non-Detection,1.47,2014,TRUE,FALSE
GRB 141121A,15.90333333,0.23,0.04,Detection,1.47,2014,FALSE,FALSE
GRB 141121A,17.04333333,0.3,0,Non-Detection,1.47,2014,TRUE,FALSE
GRB 141121A,17.92333333,0.12,0,Non-Detection,1.47,2014,TRUE,FALSE
GRB 141121A,19.90333333,0.12,0,Non-Detection,1.47,2014,TRUE,FALSE
GRB 141121A,22.03875,0.15,0,Non-Detection,1.47,2014,TRUE,FALSE
GRB 141121A,23.94333333,0.15,0,Non-Detection,1.47,2014,TRUE,FALSE
GRB 141121A,28.90333333,0.12,0,Non-Detection,1.47,2014,TRUE,FALSE
GRB 141121A,32.91333333,0.15,0,Non-Detection,1.47,2014,TRUE,FALSE
GRB 141121A,38.86333333,0.23,0.05,Detection,1.47,2014,FALSE,FALSE
GRB 141121A,45.87333333,0.12,0,Non-Detection,1.47,2014,TRUE,FALSE
GRB 141121A,56.79333333,0.12,0,Non-Detection,1.47,2014,TRUE,FALSE
GRB 141121A,62.88333333,0.15,0,Non-Detection,1.47,2014,TRUE,FALSE
GRB 141130A,0.281666667,0.15,0,Non-Detection,Unknown,2014,TRUE,FALSE
GRB 141130A,3.433333333,0.12,0,Non-Detection,Unknown,2014,TRUE,FALSE
GRB 141130A,7.483333333,0.12,0,Non-Detection,Unknown,2014,TRUE,FALSE
GRB 141130A,10.38333333,0.15,0,Non-Detection,Unknown,2014,TRUE,FALSE
GRB 141212A,0.191666667,0.33,0,Non-Detection,0.596,2014,TRUE,FALSE
GRB 141212A,1.303333333,0.12,0,Non-Detection,0.596,2014,TRUE,FALSE
GRB 141212A,3.313333333,0.12,0,Non-Detection,0.596,2014,TRUE,FALSE
GRB 141212A,7.263333333,0.12,0,Non-Detection,0.596,2014,TRUE,FALSE
GRB 141212A,11.28333333,0.12,0,Non-Detection,0.596,2014,TRUE,FALSE
GRB 141212A,25.25416667,0.12,0,Non-Detection,0.596,2014,TRUE,FALSE
GRB 141212B,0.042666667,0.24,0,Non-Detection,Unknown,2014,TRUE,FALSE
GRB 141212B,0.903333333,0.12,0,Non-Detection,Unknown,2014,TRUE,FALSE
GRB 141212B,2.983333333,0.12,0,Non-Detection,Unknown,2014,TRUE,FALSE
GRB 141212B,6.903333333,0.09,0,Non-Detection,Unknown,2014,TRUE,FALSE
GRB 141212B,10.97333333,0.12,0,Non-Detection,Unknown,2014,TRUE,FALSE
GRB 141220A,0.042666667,0.15,0,Non-Detection,1.3195,2014,TRUE,FALSE
GRB 141220A,1.113333333,0.12,0,Non-Detection,1.3195,2014,TRUE,FALSE
GRB 141220A,3.093333333,0.12,0,Non-Detection,1.3195,2014,TRUE,FALSE
GRB 141220A,7.973333333,0.12,0,Non-Detection,1.3195,2014,TRUE,FALSE
GRB 141220A,10.11333333,0.12,0,Non-Detection,1.3195,2014,TRUE,FALSE
GRB 141225A,0.043666667,0.45,0,Non-Detection,0.915,2014,TRUE,FALSE
GRB 141225A,2.083333333,0.15,0,Non-Detection,0.915,2014,TRUE,FALSE
GRB 141225A,3.083333333,0.12,0,Non-Detection,0.915,2014,TRUE,FALSE
GRB 141225A,8.153333333,0.15,0,Non-Detection,0.915,2014,TRUE,FALSE
GRB 141225A,10.10333333,0.12,0,Non-Detection,0.915,2014,TRUE,FALSE
GRB 150101A,0.141666667,0.24,0,Non-Detection,Unknown,2015,TRUE,FALSE
GRB 150101A,1.253333333,0.12,0,Non-Detection,Unknown,2015,TRUE,FALSE
GRB 150101A,3.253333333,0.33,0,Non-Detection,Unknown,2015,TRUE,FALSE
GRB 150101A,7.383333333,0.18,0,Non-Detection,Unknown,2015,TRUE,FALSE
GRB 150101A,10.39333333,0.15,0,Non-Detection,Unknown,2015,TRUE,FALSE
GRB 150101A,12.38333333,0.24,0,Non-Detection,Unknown,2015,TRUE,FALSE
GRB 150110B,0.582916667,0.15,0,Non-Detection,Unknown,2015,TRUE,FALSE
GRB 150110B,3.623333333,0.41,0.07,Detection,Unknown,2015,FALSE,FALSE
GRB 150110B,4.59,0.31,0.08,Detection,Unknown,2015,FALSE,FALSE
GRB 150110B,5.573333333,0.53,0.06,Detection,Unknown,2015,FALSE,FALSE
GRB 150110B,6.603333333,0.16,0.03,Detection,Unknown,2015,FALSE,FALSE
GRB 150110B,7.603333333,0.25,0.04,Detection,Unknown,2015,FALSE,FALSE
GRB 150110B,8.583333333,0.26,0.05,Detection,Unknown,2015,FALSE,FALSE
GRB 150110B,9.509583333,0.29,0.06,Detection,Unknown,2015,FALSE,FALSE
GRB 150110B,10.62333333,0.15,0,Non-Detection,Unknown,2015,TRUE,FALSE
GRB 150110B,11.57333333,0.21,0.04,Detection,Unknown,2015,FALSE,FALSE
GRB 150110B,14.60333333,0.46,0.06,Detection,Unknown,2015,FALSE,FALSE
GRB 150110B,18.59333333,0.36,0.05,Detection,Unknown,2015,FALSE,FALSE
GRB 150110B,26.45333333,0.29,0.04,Detection,Unknown,2015,FALSE,FALSE
GRB 150110B,28.56333333,0.12,0,Non-Detection,Unknown,2015,TRUE,FALSE
GRB 150110B,87.27333333,0.18,0,Non-Detection,Unknown,2015,TRUE,FALSE
GRB 150110B,94.38333333,0.15,0,Non-Detection,Unknown,2015,TRUE,FALSE
GRB 150120A,0.391666667,0.21,0,Non-Detection,0.46,2015,TRUE,FALSE
GRB 150120A,1.653333333,0.12,0,Non-Detection,0.46,2015,TRUE,FALSE
GRB 150120A,2.623333333,0.12,0,Non-Detection,0.46,2015,TRUE,FALSE
GRB 150120A,4.513333333,0.12,0,Non-Detection,0.46,2015,TRUE,FALSE
GRB 150120A,5.613333333,0.15,0,Non-Detection,0.46,2015,TRUE,FALSE
GRB 150120A,6.623333333,0.15,0,Non-Detection,0.46,2015,TRUE,FALSE
GRB 150120A,7.633333333,0.12,0,Non-Detection,0.46,2015,TRUE,FALSE
GRB 150120A,11.63333333,0.12,0,Non-Detection,0.46,2015,TRUE,FALSE
GRB 150120A,16.59333333,0.12,0,Non-Detection,0.46,2015,TRUE,FALSE
GRB 150211A,1.683333333,0.12,0,Non-Detection,Unknown,2015,TRUE,FALSE
GRB 150211A,2.793333333,0.15,0,Non-Detection,Unknown,2015,TRUE,FALSE
GRB 150211A,4.813333333,0.12,0,Non-Detection,Unknown,2015,TRUE,FALSE
GRB 150211A,11.68291667,0.12,0,Non-Detection,Unknown,2015,TRUE,FALSE
GRB 150212A,0.893333333,0.12,0,Non-Detection,Unknown,2015,TRUE,FALSE
GRB 150212A,2.003333333,0.18,0,Non-Detection,Unknown,2015,TRUE,FALSE
GRB 150212A,4.023333333,0.12,0,Non-Detection,Unknown,2015,TRUE,FALSE
GRB 150212A,11.98333333,0.12,0,Non-Detection,Unknown,2015,TRUE,FALSE
GRB 150213B,0.181666667,0.42,0,Non-Detection,Unknown,2015,TRUE,FALSE
GRB 150213B,1.413333333,0.12,0,Non-Detection,Unknown,2015,TRUE,FALSE
GRB 150213B,3.273333333,0.12,0,Non-Detection,Unknown,2015,TRUE,FALSE
GRB 150213B,10.32333333,0.09,0,Non-Detection,Unknown,2015,TRUE,FALSE
GRB 150302A,10.73333333,0.12,0,Non-Detection,Unknown,2015,TRUE,FALSE
GRB 150309A,0.161666667,0.3,0,Non-Detection,Unknown,2015,TRUE,FALSE
GRB 150309A,1.263333333,0.12,0,Non-Detection,Unknown,2015,TRUE,FALSE
GRB 150309A,3.363333333,0.12,0,Non-Detection,Unknown,2015,TRUE,FALSE
GRB 150309A,10.23333333,0.12,0,Non-Detection,Unknown,2015,TRUE,FALSE
GRB 150314A,0.491666667,0.21,0,Non-Detection,1.758,2015,TRUE,FALSE
GRB 150314A,1.613333333,0.12,0,Non-Detection,1.758,2015,TRUE,FALSE
GRB 150314A,2.723333333,0.09,0,Non-Detection,1.758,2015,TRUE,FALSE
GRB 150314A,3.653333333,0.09,0,Non-Detection,1.758,2015,TRUE,FALSE
GRB 150314A,4.583333333,0.12,0,Non-Detection,1.758,2015,TRUE,FALSE
GRB 150314A,5.733333333,0.12,0,Non-Detection,1.758,2015,TRUE,FALSE
GRB 150314A,6.583333333,0.12,0,Non-Detection,1.758,2015,TRUE,FALSE
GRB 150317A,0.541666667,0.18,0,Non-Detection,Unknown,2015,TRUE,FALSE
GRB 150317A,1.773333333,0.12,0,Non-Detection,Unknown,2015,TRUE,FALSE
GRB 150317A,3.773333333,0.27,0,Non-Detection,Unknown,2015,TRUE,FALSE
GRB 150317A,9.753333333,0.12,0,Non-Detection,Unknown,2015,TRUE,FALSE
GRB 150323A,0.593333333,0.15,0,Non-Detection,0.593,2015,TRUE,FALSE
GRB 150323A,2.643333333,0.12,0,Non-Detection,0.593,2015,TRUE,FALSE
GRB 150323A,3.643333333,0.12,0,Non-Detection,0.593,2015,TRUE,FALSE
GRB 150323A,10.64333333,0.12,0,Non-Detection,0.593,2015,TRUE,FALSE
GRB 150323C,0.141666667,0.36,0,Non-Detection,Unknown,2015,TRUE,FALSE
GRB 150323C,2.383333333,0.75,0,Non-Detection,Unknown,2015,TRUE,FALSE
GRB 150323C,3.403333333,0.12,0,Non-Detection,Unknown,2015,TRUE,FALSE
GRB 150323C,4.233333333,0.15,0,Non-Detection,Unknown,2015,TRUE,FALSE
GRB 150323C,10.23333333,0.15,0,Non-Detection,Unknown,2015,TRUE,FALSE
GRB 150323C,12.29333333,0.15,0,Non-Detection,Unknown,2015,TRUE,FALSE
GRB 150413A,0.253333333,0.12,0,Non-Detection,3.139,2015,TRUE,FALSE
GRB 150413A,1.284583333,0.21,0.05,Detection,3.139,2015,FALSE,FALSE
GRB 150413A,2.303333333,0.23,0.05,Detection,3.139,2015,FALSE,FALSE
GRB 150413A,3.453333333,0.2,0.04,Detection,3.139,2015,FALSE,FALSE
GRB 150413A,4.309166667,0.19,0.05,Detection,3.139,2015,FALSE,FALSE
GRB 150413A,5.453333333,0.09,0,Non-Detection,3.139,2015,TRUE,FALSE
GRB 150413A,6.393333333,0.12,0,Non-Detection,3.139,2015,TRUE,FALSE
GRB 150413A,7.463333333,0.12,0,Non-Detection,3.139,2015,TRUE,FALSE
GRB 150413A,8.283333333,0.15,0,Non-Detection,3.139,2015,TRUE,FALSE
GRB 150413A,9.353333333,0.12,0,Non-Detection,3.139,2015,TRUE,FALSE
GRB 150413A,10.45333333,0.09,0,Non-Detection,3.139,2015,TRUE,FALSE
GRB 150413A,12.39333333,0.33,0,Non-Detection,3.139,2015,TRUE,FALSE
GRB 150413A,13.26333333,0.12,0,Non-Detection,3.139,2015,TRUE,FALSE
GRB 150413A,16.41333333,0.09,0,Non-Detection,3.139,2015,TRUE,FALSE
GRB 150413A,19.25333333,0.12,0,Non-Detection,3.139,2015,TRUE,FALSE
GRB 150413A,20.24333333,0.18,0,Non-Detection,3.139,2015,TRUE,FALSE
GRB 150413A,26.41333333,0.12,0,Non-Detection,3.139,2015,TRUE,FALSE
GRB 160131A,26.85710525,0.18,0,Non-Detection,0.972,2016,TRUE,FALSE
GRB 160227A,13.3628695,0.102,0,Non-Detection,2.38,2016,TRUE,FALSE
GRB 160227A,8.28302175,0.114,0,Non-Detection,2.38,2016,TRUE,FALSE
GRB 160227A,4.4243255,0.177,0,Non-Detection,2.38,2016,TRUE,FALSE
GRB 160227A,68.33112942,0.105,0,Non-Detection,2.38,2016,TRUE,FALSE
GRB 160227A,115.1356132,0.099,0,Non-Detection,2.38,2016,TRUE,FALSE
GRB 160227A,118.1035247,0.183,0,Non-Detection,2.38,2016,TRUE,FALSE
GRB 160313A,7.009094,0.174,0,Non-Detection,Unknown,2016,TRUE,FALSE
GRB 160313A,9.92056975,0.111,0,Non-Detection,Unknown,2016,TRUE,FALSE
GRB 160313A,0.866883333,0.066,0,Non-Detection,Unknown,2016,TRUE,FALSE
GRB 160313A,2.8922485,0.093,0,Non-Detection,Unknown,2016,TRUE,FALSE
GRB 160313A,0.0435315,0.117,0,Non-Detection,Unknown,2016,TRUE,FALSE
GRB 160313A,85.6857005,0.201,0,Non-Detection,Unknown,2016,TRUE,FALSE
GRB 160314A,3.252701833,0.303,0,Non-Detection,0.726,2016,TRUE,FALSE
GRB 160314A,0.173025917,0.321,0,Non-Detection,0.726,2016,TRUE,FALSE
GRB 160314A,1.33365675,0.12,0,Non-Detection,0.726,2016,TRUE,FALSE
GRB 160314A,7.345078,0.132,0,Non-Detection,0.726,2016,TRUE,FALSE
GRB 160314A,92.20039925,0.207,0,Non-Detection,0.726,2016,TRUE,FALSE
GRB 160314A,10.431659,0.372,0,Non-Detection,0.726,2016,TRUE,FALSE
GRB 160321A,3.081010833,0.375,0,Non-Detection,Unknown,2016,TRUE,FALSE
GRB 160321A,0.042891,0.246,0,Non-Detection,Unknown,2016,TRUE,FALSE
GRB 160321A,1.195897417,0.327,0,Non-Detection,Unknown,2016,TRUE,FALSE
GRB 160321A,8.000870833,0.3,0,Non-Detection,Unknown,2016,TRUE,FALSE
GRB 160321A,10.01965442,0.42,0,Non-Detection,Unknown,2016,TRUE,FALSE
GRB 160321A,73.79746167,0.363,0,Non-Detection,Unknown,2016,TRUE,FALSE
GRB 160327A,65.44794883,0.115876401,0,Non-Detection,4.99,2016,TRUE,FALSE
GRB 160327A,3.557330833,0.114,0,Non-Detection,4.99,2016,TRUE,FALSE
GRB 160327A,10.44749692,0.096,0,Non-Detection,4.99,2016,TRUE,FALSE
GRB 160327A,8.403783417,0.096,0,Non-Detection,4.99,2016,TRUE,FALSE
GRB 160327A,0.368147917,0.111,0,Non-Detection,4.99,2016,TRUE,FALSE
GRB 160327A,1.55655475,0.081,0,Non-Detection,4.99,2016,TRUE,FALSE
GRB 160408A,7.479613333,0.291,0,Non-Detection,Unknown,2016,TRUE,FALSE
GRB 160408A,11.52202775,0.105,0,Non-Detection,Unknown,2016,TRUE,FALSE
GRB 160408A,55.44273033,0.12,0,Non-Detection,Unknown,2016,TRUE,FALSE
GRB 160408A,1.50777025,0.09,0,Non-Detection,Unknown,2016,TRUE,FALSE
GRB 160408A,0.3450665,0.156,0,Non-Detection,Unknown,2016,TRUE,FALSE
GRB 160408A,55.37959367,0.168,0,Non-Detection,Unknown,2016,TRUE,FALSE
GRB 160410A,6.645261583,0.126,0,Non-Detection,1.717,2016,TRUE,FALSE
GRB 160410A,4.674960667,0.21,0,Non-Detection,1.717,2016,TRUE,FALSE
GRB 160410A,9.758268,0.183,0,Non-Detection,1.717,2016,TRUE,FALSE
GRB 160410A,50.49519333,0.147,0,Non-Detection,1.717,2016,TRUE,FALSE
GRB 160410A,12.6032535,0.192,0,Non-Detection,1.717,2016,TRUE,FALSE
GRB 160417A,7.502408,0.183,0,Non-Detection,Unknown,2016,TRUE,FALSE
GRB 160417A,3.486048,0.225,0,Non-Detection,Unknown,2016,TRUE,FALSE
GRB 160417A,11.59605092,0.204,0,Non-Detection,Unknown,2016,TRUE,FALSE
GRB 160417A,51.52684717,0.264,0,Non-Detection,Unknown,2016,TRUE,FALSE
GRB 160417A,0.398319417,0.819,0,Non-Detection,Unknown,2016,TRUE,FALSE
GRB 160417A,1.628201333,0.201,0,Non-Detection,Unknown,2016,TRUE,FALSE
GRB 160504A,7.091407417,0.156,0,Non-Detection,Unknown,2016,TRUE,FALSE
GRB 160504A,10.08806658,0.072,0,Non-Detection,Unknown,2016,TRUE,FALSE
GRB 160504A,3.008837417,0.192,0,Non-Detection,Unknown,2016,TRUE,FALSE
GRB 160504A,1.07627425,0.072,0,Non-Detection,Unknown,2016,TRUE,FALSE
GRB 160504A,0.042734917,1.287,0,Non-Detection,Unknown,2016,TRUE,FALSE
GRB 160504A,92.7928675,0.132,0,Non-Detection,Unknown,2016,TRUE,FALSE
GRB 160509A,87.60557692,0.102,0,Non-Detection,1.17,2016,TRUE,FALSE
GRB 160509A,16.8371995,0.15,0,Non-Detection,1.17,2016,TRUE,FALSE
GRB 160509A,13.87413067,0.141,0,Non-Detection,1.17,2016,TRUE,FALSE
GRB 160519A,19.57186083,0.153,0,Non-Detection,Unknown,2016,TRUE,FALSE
GRB 160519A,0.346122917,0.135,0,Non-Detection,Unknown,2016,TRUE,FALSE
GRB 160519A,7.4896605,0.09,0,Non-Detection,Unknown,2016,TRUE,FALSE
GRB 160519A,3.605868917,0.075,0,Non-Detection,Unknown,2016,TRUE,FALSE
GRB 160519A,1.488394917,0.06,0,Non-Detection,Unknown,2016,TRUE,FALSE
GRB 160519A,28.40585325,0.102,0,Non-Detection,Unknown,2016,TRUE,FALSE
GRB 160519A,22.42709167,0.135,0,Non-Detection,Unknown,2016,TRUE,FALSE
GRB 160519A,10.48701233,0.075,0,Non-Detection,Unknown,2016,TRUE,FALSE
GRB 160519A,77.32260558,0.165,0,Non-Detection,Unknown,2016,TRUE,FALSE
GRB 160521A,13.45497225,0.108,0,Non-Detection,Unknown,2016,TRUE,FALSE
GRB 160521A,76.32882808,0.108,0,Non-Detection,Unknown,2016,TRUE,FALSE
GRB 160521A,3.471451917,0.348859603,0.032830526,Detection,Unknown,2016,FALSE,FALSE
GRB 160521A,6.372533,0.12,0,Non-Detection,Unknown,2016,TRUE,FALSE
GRB 160521B,13.57978933,0.165,0,Non-Detection,Unknown,2016,TRUE,FALSE
GRB 160521B,77.39153875,0.225,0,Non-Detection,Unknown,2016,TRUE,FALSE
GRB 160521B,6.496410917,0.12,0,Non-Detection,Unknown,2016,TRUE,FALSE
GRB 160521B,3.5967355,0.196894833,0.031457145,Detection,Unknown,2016,FALSE,FALSE
GRB 160525B,6.2973,0.147,0,Non-Detection,Unknown,2016,TRUE,FALSE
GRB 160525B,0.166251333,0.165,0,Non-Detection,Unknown,2016,TRUE,FALSE
GRB 160525B,75.15044983,0.105,0,Non-Detection,Unknown,2016,TRUE,FALSE
GRB 160525B,1.276332333,0.087,0,Non-Detection,Unknown,2016,TRUE,FALSE
GRB 160525B,3.276405917,0.087,0,Non-Detection,Unknown,2016,TRUE,FALSE
GRB 160601A,0.163823417,0.474,0,Non-Detection,Unknown,2016,TRUE,FALSE
GRB 160601A,1.336303167,0.141,0,Non-Detection,Unknown,2016,TRUE,FALSE
GRB 160601A,3.336032917,0.105,0,Non-Detection,Unknown,2016,TRUE,FALSE
GRB 160601A,66.15866192,0.159,0,Non-Detection,Unknown,2016,TRUE,FALSE
GRB 160601A,10.33631758,0.354,0,Non-Detection,Unknown,2016,TRUE,FALSE
GRB 160623A,206.35367,0.450527,0.12845,Detection,0.367,2016,FALSE,TRUE
GRB 160623A,1.93836,5.280244,0.1021,Detection,0.367,2016,FALSE,TRUE
GRB 160623A,3.9381,6.704169,0.18049,Detection,0.367,2016,FALSE,TRUE
GRB 160623A,5.89697,7.842144,0.257048,Detection,0.367,2016,FALSE,TRUE
GRB 160623A,6.85427,7.064538,0.219236,Detection,0.367,2016,FALSE,TRUE
GRB 160623A,7.89635,6.145196,0.188215,Detection,0.367,2016,FALSE,TRUE
GRB 160623A,8.89639,5.654274,0.148832,Detection,0.367,2016,FALSE,TRUE
GRB 160623A,9.87877,4.761409,0.14631,Detection,0.367,2016,FALSE,TRUE
GRB 160623A,11.89636,3.191411,0.144383,Detection,0.367,2016,FALSE,TRUE
GRB 160623A,34.8152,1.773731,0.073,Detection,0.367,2016,FALSE,TRUE
GRB 160623A,36.8137,1.5323,0.102802,Detection,0.367,2016,FALSE,TRUE
GRB 160623A,38.81379,1.464888,0.0709,Detection,0.367,2016,FALSE,TRUE
GRB 160623A,40.81386,1.154594,0.102217,Detection,0.367,2016,FALSE,TRUE
GRB 160623A,42.85515,1.365174,0.0655,Detection,0.367,2016,FALSE,TRUE
GRB 160623A,47.81225,0.971206,0.0612,Detection,0.367,2016,FALSE,TRUE
GRB 160623A,50.81426,1.030652,0.0635,Detection,0.367,2016,FALSE,TRUE
GRB 160623A,54.81338,0.7833,0.0774,Detection,0.367,2016,FALSE,TRUE
GRB 160623A,57.79307,0.682537,0.0655,Detection,0.367,2016,FALSE,TRUE
GRB 160623A,60.81362,0.708921,0.0647,Detection,0.367,2016,FALSE,TRUE
GRB 160623A,63.81288,0.674507,0.065,Detection,0.367,2016,FALSE,TRUE
GRB 160623A,66.81303,0.844893,0.137614,Detection,0.367,2016,FALSE,TRUE
GRB 160623A,74.81263,0.690375,0.0602,Detection,0.367,2016,FALSE,TRUE
GRB 160623A,78.68745,0.704192,0.0576,Detection,0.367,2016,FALSE,TRUE
GRB 160623A,82.6881,0.774,0,Non-Detection,0.367,2016,TRUE,TRUE
GRB 160623A,86.68776,0.659454,0.0598,Detection,0.367,2016,FALSE,TRUE
GRB 160623A,90.73067,0.394255,0.0556,Detection,0.367,2016,FALSE,TRUE
GRB 160623A,94.64586,0.66127,0.0609,Detection,0.367,2016,FALSE,TRUE
GRB 160623A,99.64758,0.470131,0.0324,Detection,0.367,2016,FALSE,TRUE
GRB 160623A,106.64612,0.404712,0.0868,Detection,0.367,2016,FALSE,TRUE
GRB 160623A,113.64571,0.359722,0.0317,Detection,0.367,2016,FALSE,TRUE
GRB 160623A,120.64721,0.301917,0.0286,Detection,0.367,2016,FALSE,TRUE
GRB 160623A,128.56147,0.406086,0.0328,Detection,0.367,2016,FALSE,TRUE
GRB 160623A,134.5437,0.428233,0.0459,Detection,0.367,2016,FALSE,TRUE
GRB 160623A,141.53982,0.370544,0.0275,Detection,0.367,2016,FALSE,TRUE
GRB 160623A,149.49895,0.348656,0.0259,Detection,0.367,2016,FALSE,TRUE
GRB 160623A,164.48344,0.324339,0.0296,Detection,0.367,2016,FALSE,TRUE
GRB 160623A,169.51323,0.214149,0.0367,Detection,0.367,2016,FALSE,TRUE
GRB 160623A,177.44881,0.265837,0.035,Detection,0.367,2016,FALSE,TRUE
GRB 160623A,197.39333,0.219739,0.0356,Detection,0.367,2016,FALSE,TRUE
GRB 160623A,212.33832,0.211567,0.0314,Detection,0.367,2016,FALSE,TRUE
GRB 160623A,221.31271,0.226834,0.0395,Detection,0.367,2016,FALSE,TRUE
GRB 160623A,227.29633,0.166553,0.0476,Detection,0.367,2016,FALSE,TRUE
GRB 160623A,233.3163,0.2256,0,Non-Detection,0.367,2016,TRUE,TRUE
GRB 160623A,241.27473,0.200382,0.0281,Detection,0.367,2016,FALSE,TRUE
GRB 160623A,248.2113,0.238384,0.0296,Detection,0.367,2016,FALSE,TRUE
GRB 160623A,264.23063,0.1617,0,Non-Detection,0.367,2016,TRUE,TRUE
GRB 160623A,268.24498,0.112085,0.0327,Detection,0.367,2016,FALSE,TRUE
GRB 160623A,282.11846,0.139482,0.0337,Detection,0.367,2016,FALSE,TRUE
GRB 160623A,288.17479,0.1272,0,Non-Detection,0.367,2016,TRUE,TRUE
GRB 160623A,341.99826,0.169459,0.029,Detection,0.367,2016,FALSE,TRUE
GRB 160623A,372.95448,0.1035,0,Non-Detection,0.367,2016,TRUE,TRUE
GRB 160623A,402.80954,0.514447,0.0544,Detection,0.367,2016,FALSE,TRUE
GRB 160623A,432.72694,0.333,0,Non-Detection,0.367,2016,TRUE,TRUE
GRB 160623A,464.6368,0.173928,0.0419,Detection,0.367,2016,FALSE,TRUE
GRB 160623A,495.66504,0.1842,0,Non-Detection,0.367,2016,TRUE,TRUE
GRB 160623A,525.47302,0.219401,0.035,Detection,0.367,2016,FALSE,TRUE
GRB 160623A,555.39111,0.210232,0.0344,Detection,0.367,2016,FALSE,TRUE
GRB 160623A,584.33409,0.1341,0,Non-Detection,0.367,2016,TRUE,TRUE
GRB 160623A,614.15922,0.503435,0.0666,Detection,0.367,2016,FALSE,TRUE
GRB 160623A,667.18226,0.1344,0,Non-Detection,0.367,2016,TRUE,TRUE
GRB 160623A,674.16489,0.2931,0,Non-Detection,0.367,2016,TRUE,TRUE
GRB 160623A,675.18119,0.166837,0.039,Detection,0.367,2016,FALSE,TRUE
GRB 160623A,703.0722,0.246818,0.0719,Detection,0.367,2016,FALSE,TRUE
GRB 160623A,710.89314,0.2145,0,Non-Detection,0.367,2016,TRUE,TRUE
GRB 160623A,738.98013,0.1218,0,Non-Detection,0.367,2016,TRUE,TRUE
GRB 160623A,772.96,0.17493,0.0567,Detection,0.367,2016,FALSE,TRUE
GRB 160623A,811.79189,0.1464,0,Non-Detection,0.367,2016,TRUE,TRUE
GRB 160623A,873.67975,0.239457,0.0287,Detection,0.367,2016,FALSE,TRUE
GRB 160623A,902.48871,0.0843,0,Non-Detection,0.367,2016,TRUE,TRUE
GRB 160624A,0.502736417,0.231,0,Non-Detection,0.483,2016,TRUE,FALSE
GRB 160624A,4.711714417,0.138,0,Non-Detection,0.483,2016,TRUE,FALSE
GRB 160624A,7.576085917,0.141,0,Non-Detection,0.483,2016,TRUE,FALSE
GRB 160624A,64.48243667,0.144,0,Non-Detection,0.483,2016,TRUE,FALSE
GRB 160625B,25.0957,0.257413,0.0658,Detection,1.406,2016,FALSE,FALSE
GRB 160625B,12.11699,0.1362,0,Non-Detection,1.406,2016,TRUE,FALSE
GRB 160625B,28.09651,0.129,0,Non-Detection,1.406,2016,TRUE,FALSE
GRB 160625B,5.0454,0.2367,0,Non-Detection,1.406,2016,TRUE,FALSE
GRB 160625B,6.02124,0.260283,0.0416,Detection,1.406,2016,FALSE,FALSE
GRB 160625B,8.11668,0.165961,0.0336,Detection,1.406,2016,FALSE,FALSE
GRB 160625B,19.09614,0.1734,0,Non-Detection,1.406,2016,TRUE,FALSE
GRB 160625B,2.11695,0.58688,0.0391,Detection,1.406,2016,FALSE,FALSE
GRB 160625B,22.13851,0.243,0,Non-Detection,1.406,2016,TRUE,FALSE
GRB 160625B,3.06609,0.434359,0.0489,Detection,1.406,2016,FALSE,FALSE
GRB 160629A,1.301261083,0.147,0,Non-Detection,3.332,2016,TRUE,FALSE
GRB 160629A,2.301301,0.123,0,Non-Detection,3.332,2016,TRUE,FALSE
GRB 160629A,4.259338583,0.159,0,Non-Detection,3.332,2016,TRUE,FALSE
GRB 160629A,8.259294667,0.234,0,Non-Detection,3.332,2016,TRUE,FALSE
GRB 160629A,11.259415,0.192,0,Non-Detection,3.332,2016,TRUE,FALSE
GRB 160703A,3.493391167,0.132,0,Non-Detection,1.5,2016,TRUE,FALSE
GRB 160703A,1.48293575,0.225,0,Non-Detection,1.5,2016,TRUE,FALSE
GRB 160703A,0.3275,0.18,0,Non-Detection,1.5,2016,TRUE,FALSE
GRB 160703A,56.36912158,0.237,0,Non-Detection,1.5,2016,TRUE,FALSE
GRB 160703A,7.49355675,0.18,0,Non-Detection,1.5,2016,TRUE,FALSE
GRB 160714A,1.852800583,0.3,0.021,Detection,Unknown,2016,FALSE,FALSE
GRB 160714A,0.560948167,0.123,0,Non-Detection,Unknown,2016,TRUE,FALSE
GRB 160714A,3.759045417,0.225,0,Non-Detection,Unknown,2016,TRUE,FALSE
GRB 160714A,42.61204542,0.123,0,Non-Detection,Unknown,2016,TRUE,FALSE
GRB 160714A,7.757819083,0.147,0,Non-Detection,Unknown,2016,TRUE,FALSE
GRB 160801A,7.335437417,0.144,0,Non-Detection,Unknown,2016,TRUE,FALSE
GRB 160801A,1.356328083,0.213,0,Non-Detection,Unknown,2016,TRUE,FALSE
GRB 160801A,3.356403833,0.198,0,Non-Detection,Unknown,2016,TRUE,FALSE
GRB 160801A,61.21051442,0.294,0,Non-Detection,Unknown,2016,TRUE,FALSE
GRB 160804A,0.790295667,0.203062998,0.048802232,Detection,0.736,2016,FALSE,FALSE
GRB 160804A,1.687486667,0.289947282,0.051976321,Detection,0.736,2016,FALSE,FALSE
GRB 160804A,3.686530083,0.616056955,0.04153943,Detection,0.736,2016,FALSE,FALSE
GRB 160804A,7.686005167,0.337826039,0.042169105,Detection,0.736,2016,FALSE,FALSE
GRB 160804A,12.60725175,0.225433373,0.056479616,Detection,0.736,2016,FALSE,FALSE
GRB 160815A,111.2295157,0.105,0,Non-Detection,Unknown,2016,TRUE,FALSE
GRB 160816A,2.333209167,0.21229172,0.036657683,Detection,Unknown,2016,FALSE,FALSE
GRB 160816A,1.29196325,0.153,0,Non-Detection,Unknown,2016,TRUE,FALSE
GRB 160816A,17.2922515,0.216,0,Non-Detection,Unknown,2016,TRUE,FALSE
GRB 160821A,7.70636,0.1422,0,Non-Detection,Unknown,2016,TRUE,FALSE
GRB 160821A,3.70637,0.20492,0.0394,Detection,Unknown,2016,FALSE,FALSE
GRB 160821A,0.69586,0.974973,0.0405,Detection,Unknown,2016,FALSE,FALSE
GRB 160821A,1.70558,0.394488,0.0747,Detection,Unknown,2016,FALSE,FALSE
GRB 160821A,40.60223,0.1227,0,Non-Detection,Unknown,2016,TRUE,FALSE
GRB 160821B,44.75333517,0.081,0,Non-Detection,0.162,2016,TRUE,FALSE
GRB 160821B,12.89679575,0.219,0,Non-Detection,0.162,2016,TRUE,FALSE
GRB 160821B,0.91882875,0.147,0,Non-Detection,0.162,2016,TRUE,FALSE
GRB 160821B,1.89324425,0.396,0,Non-Detection,0.162,2016,TRUE,FALSE
GRB 160821B,3.897134917,0.114,0,Non-Detection,0.162,2016,TRUE,FALSE
GRB 160824A,40.16196575,0.126,0,Non-Detection,Unknown,2016,TRUE,FALSE
GRB 160824A,7.3181995,0.129,0,Non-Detection,Unknown,2016,TRUE,FALSE
GRB 160824A,3.318056,0.165,0,Non-Detection,Unknown,2016,TRUE,FALSE
GRB 160824A,1.302735417,0.174,0,Non-Detection,Unknown,2016,TRUE,FALSE
GRB 160824A,0.1417725,0.753,0,Non-Detection,Unknown,2016,TRUE,FALSE
GRB 160912A,21.12156025,0.117,0,Non-Detection,Unknown,2016,TRUE,FALSE
GRB 160912A,6.207001833,0.12,0,Non-Detection,Unknown,2016,TRUE,FALSE
GRB 160912A,0.0524145,0.213,0,Non-Detection,Unknown,2016,TRUE,FALSE
GRB 160912A,1.143085667,0.591,0,Non-Detection,Unknown,2016,TRUE,FALSE
GRB 160917A,0.170460667,0.156,0,Non-Detection,Unknown,2016,TRUE,FALSE
GRB 160917A,7.396952,0.09,0,Non-Detection,Unknown,2016,TRUE,FALSE
GRB 160917A,19.3134335,0.096,0,Non-Detection,Unknown,2016,TRUE,FALSE
GRB 160917A,3.39625925,0.093,0,Non-Detection,Unknown,2016,TRUE,FALSE
GRB 160927A,123.5769239,0.138,0,Non-Detection,Unknown,2016,TRUE,FALSE
GRB 160927A,0.042344,0.168,0,Non-Detection,Unknown,2016,TRUE,FALSE
GRB 160927A,1.956462083,0.111,0,Non-Detection,Unknown,2016,TRUE,FALSE
GRB 160927A,0.95566,0.132,0,Non-Detection,Unknown,2016,TRUE,FALSE
GRB 161007A,1.36406825,0.333,0,Non-Detection,Unknown,2016,TRUE,FALSE
GRB 161007A,0.167082667,1.212,0,Non-Detection,Unknown,2016,TRUE,FALSE
GRB 161007A,7.358403917,0.195,0,Non-Detection,Unknown,2016,TRUE,FALSE
GRB 161007A,3.35825975,0.321,0,Non-Detection,Unknown,2016,TRUE,FALSE
GRB 161011A,107.0989272,0.168,0,Non-Detection,Unknown,2016,TRUE,FALSE
GRB 161011A,2.421487333,0.207,0,Non-Detection,Unknown,2016,TRUE,FALSE
GRB 161011A,0.199350167,0.357,0,Non-Detection,Unknown,2016,TRUE,FALSE
GRB 161011A,3.354851917,0.216,0,Non-Detection,Unknown,2016,TRUE,FALSE
GRB 161011A,7.31975,0.24,0,Non-Detection,Unknown,2016,TRUE,FALSE
GRB 161014A,6.333243083,0.423,0,Non-Detection,2.823,2016,TRUE,FALSE
GRB 161014A,103.0749538,0.276,0,Non-Detection,2.823,2016,TRUE,FALSE
GRB 161014A,0.1568415,0.435,0,Non-Detection,2.823,2016,TRUE,FALSE
GRB 161014A,1.333230417,0.513,0,Non-Detection,2.823,2016,TRUE,FALSE
GRB 161014A,3.333468833,0.282,0,Non-Detection,2.823,2016,TRUE,FALSE
GRB 161015A,3.019798667,0.108,0,Non-Detection,Unknown,2016,TRUE,FALSE
GRB 161015A,2.039835083,0.147,0,Non-Detection,Unknown,2016,TRUE,FALSE
GRB 161015A,101.7165578,0.18,0,Non-Detection,Unknown,2016,TRUE,FALSE
GRB 161015A,4.998399917,0.126,0,Non-Detection,Unknown,2016,TRUE,FALSE
GRB 161015A,8.946956,0.09,0,Non-Detection,Unknown,2016,TRUE,FALSE
GRB 161017A,0.39772,0.1572,0,Non-Detection,2.013,2016,TRUE,FALSE
GRB 161017A,16.4928,0.1128,0,Non-Detection,2.013,2016,TRUE,FALSE
GRB 161017A,20.45036,0.1119,0,Non-Detection,2.013,2016,TRUE,FALSE
GRB 161017A,18.45582,0.1335,0,Non-Detection,2.013,2016,TRUE,FALSE
GRB 161017A,10.54762,0.1578,0,Non-Detection,2.013,2016,TRUE,FALSE
GRB 161017A,28.49986,0.1446,0,Non-Detection,2.013,2016,TRUE,FALSE
GRB 161017A,219.95689,0.1248,0,Non-Detection,2.013,2016,TRUE,FALSE
GRB 161017A,3.55945,0.1539,0,Non-Detection,2.013,2016,TRUE,FALSE
GRB 161017A,7.56861,0.1614,0,Non-Detection,2.013,2016,TRUE,FALSE
GRB 161017A,8.61091,0.2154,0,Non-Detection,2.013,2016,TRUE,FALSE
GRB 161022A,7.20430925,0.144097953,0,Non-Detection,Unknown,2016,TRUE,FALSE
GRB 161022A,99.83990075,0.280659789,0,Non-Detection,Unknown,2016,TRUE,FALSE
GRB 161022A,1.15177925,0.103489777,0,Non-Detection,Unknown,2016,TRUE,FALSE
GRB 161022A,0.043095833,0.160607762,0,Non-Detection,Unknown,2016,TRUE,FALSE
GRB 161022A,4.115900167,0.127452611,0,Non-Detection,Unknown,2016,TRUE,FALSE
GRB 161108A,82.02268125,0.123,0,Non-Detection,1.159,2016,TRUE,FALSE
GRB 161108A,4.208667333,0.291,0,Non-Detection,1.159,2016,TRUE,FALSE
GRB 161108A,7.22178075,0.325431285,0.034731818,Detection,1.159,2016,FALSE,FALSE
GRB 161108A,1.259641917,0.267,0,Non-Detection,1.159,2016,TRUE,FALSE
GRB 161108A,0.043773333,0.159,0,Non-Detection,1.159,2016,TRUE,FALSE
GRB 161129A,7.38624925,0.135,0,Non-Detection,0.645,2016,TRUE,FALSE
GRB 161129A,3.397002167,0.117,0,Non-Detection,0.645,2016,TRUE,FALSE
GRB 161129A,56.237365,0.117,0,Non-Detection,0.645,2016,TRUE,FALSE
GRB 161129A,1.423577333,0.123,0,Non-Detection,0.645,2016,TRUE,FALSE
GRB 161129A,0.207554833,0.144,0,Non-Detection,0.645,2016,TRUE,FALSE
GRB 161202A,2.804055833,0.151750762,0,Non-Detection,Unknown,2016,TRUE,FALSE
GRB 161202A,0.96533875,0.200245682,0,Non-Detection,Unknown,2016,TRUE,FALSE
GRB 161202A,54.62084575,0.151193647,0,Non-Detection,Unknown,2016,TRUE,FALSE
GRB 161214B,2.039728833,0.141,0,Non-Detection,Unknown,2016,TRUE,FALSE
GRB 161214B,0.042508333,0.123,0,Non-Detection,Unknown,2016,TRUE,FALSE
GRB 161214B,46.94731917,0.15,0,Non-Detection,Unknown,2016,TRUE,FALSE
GRB 161214B,4.034264167,0.132,0,Non-Detection,Unknown,2016,TRUE,FALSE
GRB 161214B,7.026081917,0.138,0,Non-Detection,Unknown,2016,TRUE,FALSE
GRB 170101A,26.25509708,0.119163909,0,Non-Detection,Unknown,2017,TRUE,FALSE
GRB 170101A,4.359843083,0.120110014,0,Non-Detection,Unknown,2017,TRUE,FALSE
GRB 170101A,3.35599875,0.189271056,0,Non-Detection,Unknown,2017,TRUE,FALSE
GRB 170101A,6.354378333,0.164015376,0,Non-Detection,Unknown,2017,TRUE,FALSE
GRB 170101A,2.235393417,0.175170731,0,Non-Detection,Unknown,2017,TRUE,FALSE
GRB 170115A,7.646091333,0.09,0,Non-Detection,Unknown,2017,TRUE,FALSE
GRB 170115A,0.552411333,0.651,0,Non-Detection,Unknown,2017,TRUE,FALSE
GRB 170115A,1.723406167,0.084,0,Non-Detection,Unknown,2017,TRUE,FALSE
GRB 170115A,2.803446583,0.093,0,Non-Detection,Unknown,2017,TRUE,FALSE
GRB 170131A,5.473179833,2.725447509,0.056155738,Detection,Unknown,2017,FALSE,FALSE
GRB 170131A,1.594904333,2.7940024,0.051382135,Detection,Unknown,2017,FALSE,FALSE
GRB 170131A,8.543948917,2.968755702,0.049656768,Detection,Unknown,2017,FALSE,FALSE
GRB 170202A,1.232760333,0.096,0,Non-Detection,3.645,2017,TRUE,FALSE
GRB 170202A,0.104694917,48.6,0,Non-Detection,3.645,2017,TRUE,FALSE
GRB 170202A,3.272313,0.126,0,Non-Detection,3.645,2017,TRUE,FALSE
GRB 170202A,4.245341917,0.3,0,Non-Detection,3.645,2017,TRUE,FALSE
GRB 170202A,6.239877167,0.15,0,Non-Detection,3.645,2017,TRUE,FALSE
GRB 170203A,7.552997333,0.168,0,Non-Detection,Unknown,2017,TRUE,FALSE
GRB 170203A,3.56669125,0.078,0,Non-Detection,Unknown,2017,TRUE,FALSE
GRB 170203A,1.567299417,0.087,0,Non-Detection,Unknown,2017,TRUE,FALSE
GRB 170203A,0.371359583,0.165,0,Non-Detection,Unknown,2017,TRUE,FALSE
GRB 170206B,0.625926333,0.13518834,0,Non-Detection,Unknown,2017,TRUE,FALSE
GRB 170317A,1.375739583,0.3,0,Non-Detection,Unknown,2017,TRUE,FALSE
GRB 170317A,0.185,0.099,0,Non-Detection,Unknown,2017,TRUE,FALSE
GRB 170317A,5.373479667,0.078,0,Non-Detection,Unknown,2017,TRUE,FALSE
GRB 170317A,3.385868583,0.078,0,Non-Detection,Unknown,2017,TRUE,FALSE
GRB 170317A,8.315427083,0.084,0,Non-Detection,Unknown,2017,TRUE,FALSE
GRB 170318A,2.995753417,0.111,0,Non-Detection,Unknown,2017,TRUE,FALSE
GRB 170318A,0.042824,0.153,0,Non-Detection,Unknown,2017,TRUE,FALSE
GRB 170318B,0.610017833,0.504,0,Non-Detection,Unknown,2017,TRUE,FALSE
GRB 170318B,2.661949,0.294,0,Non-Detection,Unknown,2017,TRUE,FALSE
GRB 170318B,4.73924125,0.495,0,Non-Detection,Unknown,2017,TRUE,FALSE
GRB 170325A,2.510673917,0.105,0,Non-Detection,Unknown,2017,TRUE,FALSE
GRB 170325A,1.67926475,0.123,0,Non-Detection,Unknown,2017,TRUE,FALSE
GRB 170325A,4.506248,0.117,0,Non-Detection,Unknown,2017,TRUE,FALSE
GRB 170428A,0.042190833,0.111,0,Non-Detection,0.454,2017,TRUE,FALSE
GRB 170428A,3.954299583,0.09,0,Non-Detection,0.454,2017,TRUE,FALSE
GRB 170428A,4.919707583,0.081,0,Non-Detection,0.454,2017,TRUE,FALSE
GRB 170428A,1.963224333,0.093,0,Non-Detection,0.454,2017,TRUE,FALSE
GRB 170524A,0.207153667,0.144,0,Non-Detection,Unknown,2017,TRUE,FALSE
GRB 170524A,1.440480667,0.222,0,Non-Detection,Unknown,2017,TRUE,FALSE
GRB 170524A,3.358496833,0.114,0,Non-Detection,Unknown,2017,TRUE,FALSE
GRB 170524A,7.379774083,0.129,0,Non-Detection,Unknown,2017,TRUE,FALSE
GRB 170526A,0.600017,0.072,0,Non-Detection,Unknown,2017,TRUE,FALSE
GRB 170526A,7.723469,0.168,0,Non-Detection,Unknown,2017,TRUE,FALSE
GRB 170526A,3.72677275,0.168,0,Non-Detection,Unknown,2017,TRUE,FALSE
GRB 170526A,4.768367083,0.123,0,Non-Detection,Unknown,2017,TRUE,FALSE
GRB 170607A,2.3248,0.256,0.018,Detection,0.557,2017,FALSE,FALSE
GRB 170607A,4.316580833,0.159,0,Non-Detection,0.557,2017,TRUE,FALSE
GRB 170607A,8.275189,0.18,0,Non-Detection,0.557,2017,TRUE,FALSE
GRB 170607A,0.154464417,0.0675,0,Non-Detection,0.557,2017,TRUE,FALSE
GRB 170626A,0.115349,0.138,0,Non-Detection,Unknown,2017,TRUE,FALSE
GRB 170626A,2.361875083,0.183,0,Non-Detection,Unknown,2017,TRUE,FALSE
GRB 170626A,3.2760475,0.093,0,Non-Detection,Unknown,2017,TRUE,FALSE
GRB 170626A,8.262380333,0.105,0,Non-Detection,Unknown,2017,TRUE,FALSE
GRB 170705A,3.610707417,0.159,0,Non-Detection,2.01,2017,TRUE,FALSE
GRB 170705A,0.44932775,0.537,0,Non-Detection,2.01,2017,TRUE,FALSE
GRB 170705A,1.627948667,0.351,0.022,Detection,2.01,2017,FALSE,FALSE
GRB 170705A,7.563776833,0.151,0.008,Detection,2.01,2017,FALSE,FALSE
GRB 170710B,8.899055167,0.3,0,Non-Detection,Unknown,2017,TRUE,FALSE
GRB 170710B,1.959376833,0.174,0,Non-Detection,Unknown,2017,TRUE,FALSE
GRB 170710B,2.92307075,0.111,0,Non-Detection,Unknown,2017,TRUE,FALSE
GRB 170710B,4.957783083,0.105,0,Non-Detection,Unknown,2017,TRUE,FALSE
GRB 170710C,7.935976667,0.108,0,Non-Detection,Unknown,2017,TRUE,FALSE
GRB 170710C,4.013036167,0.102,0,Non-Detection,Unknown,2017,TRUE,FALSE
GRB 170710C,6.934553,0.09,0,Non-Detection,Unknown,2017,TRUE,FALSE
GRB 170710C,10.9014725,0.117,0,Non-Detection,Unknown,2017,TRUE,FALSE
GRB 170711A,8.43397075,0.18,0,Non-Detection,Unknown,2017,TRUE,FALSE
GRB 170711A,4.3645535,0.108,0,Non-Detection,Unknown,2017,TRUE,FALSE
GRB 170711A,1.457925,0.12,0,Non-Detection,Unknown,2017,TRUE,FALSE
GRB 170711A,0.210743917,0.294,0,Non-Detection,Unknown,2017,TRUE,FALSE
GRB 170714A,0.593500833,0.942,0,Non-Detection,0.793,2017,TRUE,FALSE
GRB 170714A,3.757658917,0.57,0,Non-Detection,0.793,2017,TRUE,FALSE
GRB 170714A,7.734962167,0.801,0,Non-Detection,0.793,2017,TRUE,FALSE
GRB 170714A,5.719638583,0.759,0,Non-Detection,0.793,2017,TRUE,FALSE
GRB 170728A,1.965883833,0.333,0,Non-Detection,Unknown,2017,TRUE,FALSE
GRB 170728A,0.042772167,0.171,0,Non-Detection,Unknown,2017,TRUE,FALSE
GRB 170728A,3.988808083,0.189,0,Non-Detection,Unknown,2017,TRUE,FALSE
GRB 170728A,7.9494985,0.213,0,Non-Detection,Unknown,2017,TRUE,FALSE
GRB 170728B,2.80697575,0.183,0,Non-Detection,Unknown,2017,TRUE,FALSE
GRB 170728B,1.845718833,0.228,0,Non-Detection,Unknown,2017,TRUE,FALSE
GRB 170728B,0.839443333,0.687,0,Non-Detection,Unknown,2017,TRUE,FALSE
GRB 170728B,0.042424167,0.378,0,Non-Detection,Unknown,2017,TRUE,FALSE
GRB 170810A,0.54004425,0.396,0,Non-Detection,Unknown,2017,TRUE,FALSE
GRB 170810A,1.67850375,0.167,0.02,Detection,Unknown,2017,FALSE,FALSE
GRB 170810A,4.671014167,0.231,0,Non-Detection,Unknown,2017,TRUE,FALSE
GRB 170810A,11.70313108,0.117,0,Non-Detection,Unknown,2017,TRUE,FALSE
GRB 170822A,0.043930833,0.246,0,Non-Detection,Unknown,2017,TRUE,FALSE
GRB 170822A,3.958117833,0.171,0,Non-Detection,Unknown,2017,TRUE,FALSE
GRB 170822A,2.960502,0.141,0,Non-Detection,Unknown,2017,TRUE,FALSE
GRB 170822A,11.89956633,0.333,0,Non-Detection,Unknown,2017,TRUE,FALSE
GRB 170822A,28.88432033,0.162,0,Non-Detection,Unknown,2017,TRUE,FALSE
GRB 170822A,7.99152575,0.348,0,Non-Detection,Unknown,2017,TRUE,FALSE
GRB 170823A,0.49129325,1.377,0,Non-Detection,Unknown,2017,TRUE,FALSE
GRB 170823A,1.682380667,1.206,0,Non-Detection,Unknown,2017,TRUE,FALSE
GRB 170823A,2.660947833,0.786,0,Non-Detection,Unknown,2017,TRUE,FALSE
GRB 170823A,9.6619235,1.158,0,Non-Detection,Unknown,2017,TRUE,FALSE
GRB 170903A,0.042429333,0.21,0,Non-Detection,0.886,2017,TRUE,FALSE
GRB 170903A,1.26467125,0.132,0,Non-Detection,0.886,2017,TRUE,FALSE
GRB 170903A,3.291775417,0.138,0,Non-Detection,0.886,2017,TRUE,FALSE
GRB 170903A,9.134802667,0.105,0,Non-Detection,0.886,2017,TRUE,FALSE
GRB 170906C,0.247945167,0.216,0,Non-Detection,Unknown,2017,TRUE,FALSE
GRB 170921A,7.375791,0.183,0,Non-Detection,Unknown,2017,TRUE,FALSE
GRB 170921A,5.444268417,0.132,0,Non-Detection,Unknown,2017,TRUE,FALSE
GRB 170921A,0.28903,0.318,0,Non-Detection,Unknown,2017,TRUE,FALSE
GRB 171004A,1.998211583,0.384,0,Non-Detection,Unknown,2017,TRUE,FALSE
GRB 171004A,0.051551833,0.33,0,Non-Detection,Unknown,2017,TRUE,FALSE
GRB 171004A,3.939426833,0.66,0,Non-Detection,Unknown,2017,TRUE,FALSE
GRB 171004A,7.98183775,0.192,0,Non-Detection,Unknown,2017,TRUE,FALSE
GRB 171007A,7.751489,0.168,0,Non-Detection,Unknown,2017,TRUE,FALSE
GRB 171007A,2.807385333,0.201,0,Non-Detection,Unknown,2017,TRUE,FALSE
GRB 171007A,0.035201917,0.321,0,Non-Detection,Unknown,2017,TRUE,FALSE
GRB 171010A,1.433333333,2.26,0.13,Detection,0.33,2017,FALSE,FALSE
GRB 171010A,2.4325,2.52,0.14,Detection,0.33,2017,FALSE,FALSE
GRB 171010A,3.393333333,2.48,0.14,Detection,0.33,2017,FALSE,FALSE
GRB 171010A,4.393333333,2.08,0.13,Detection,0.33,2017,FALSE,FALSE
GRB 171010A,5.393333333,2.07,0.14,Detection,0.33,2017,FALSE,FALSE
GRB 171010A,8.3925,1.11,0.13,Detection,0.33,2017,FALSE,FALSE
GRB 171010A,12.35333333,0.69,0.07,Detection,0.33,2017,FALSE,FALSE
GRB 171010A,13.35333333,0.52,0.12,Detection,0.33,2017,FALSE,FALSE
GRB 171010A,14.35333333,0.7,0.09,Detection,0.33,2017,FALSE,FALSE
GRB 171010A,19.4325,0.37,0.07,Detection,0.33,2017,FALSE,FALSE
GRB 171010A,20.38333333,0.36,0.08,Detection,0.33,2017,FALSE,FALSE
GRB 171010A,22.4225,0.43,0.1,Detection,0.33,2017,FALSE,FALSE
GRB 171010A,26.33333333,0.21,0.05,Detection,0.33,2017,FALSE,FALSE
GRB 171010A,27.96666667,0.37,0.07,Detection,0.33,2017,FALSE,FALSE
GRB 171010A,29.32333333,0.25,0.07,Detection,0.33,2017,FALSE,FALSE
GRB 171010A,30.82666667,0.23,0.08,Detection,0.33,2017,FALSE,FALSE
GRB 171010A,33.58666667,0.23,0.05,Detection,0.33,2017,FALSE,FALSE
GRB 171010A,38.32333333,0.19,0.05,Detection,0.33,2017,FALSE,FALSE
GRB 171010A,46.29333333,0.17,0.04,Detection,0.33,2017,FALSE,FALSE
GRB 171010A,60.68083333,0.13,0.06,Detection,0.33,2017,FALSE,FALSE
GRB 171010A,86.23333333,0.81,0,Non-Detection,0.33,2017,TRUE,FALSE
GRB 171102B,8.965593583,0.111,0,Non-Detection,Unknown,2017,TRUE,FALSE
GRB 171102B,0.042898667,0.225,0,Non-Detection,Unknown,2017,TRUE,FALSE
GRB 171102B,5.018071083,0.201,0,Non-Detection,Unknown,2017,TRUE,FALSE
GRB 171102B,4.036726167,0.126,0,Non-Detection,Unknown,2017,TRUE,FALSE
GRB 171115A,2.839526583,0.117,0,Non-Detection,Unknown,2017,TRUE,FALSE
GRB 171115A,0.83355775,0.183,0,Non-Detection,Unknown,2017,TRUE,FALSE
GRB 171115A,0.036533417,0.714,0,Non-Detection,Unknown,2017,TRUE,FALSE
GRB 171115A,7.807869083,0.135,0,Non-Detection,Unknown,2017,TRUE,FALSE
GRB 171115A,4.821251667,0.162,0,Non-Detection,Unknown,2017,TRUE,FALSE
GRB 171120A,10.73422725,0.262545389,0,Non-Detection,Unknown,2017,TRUE,FALSE
GRB 171120A,6.646113917,0.21780968,0,Non-Detection,Unknown,2017,TRUE,FALSE
GRB 171120A,4.7471515,0.078225508,0,Non-Detection,Unknown,2017,TRUE,FALSE
GRB 171120A,1.70685225,0.097655651,0,Non-Detection,Unknown,2017,TRUE,FALSE
GRB 171120A,0.553088333,0.192084809,0,Non-Detection,Unknown,2017,TRUE,FALSE
GRB 171120A,8.709910667,0.082140062,0,Non-Detection,Unknown,2017,TRUE,FALSE
GRB 171123A,8.707340417,0.201,0,Non-Detection,Unknown,2017,TRUE,FALSE
GRB 171123A,6.768538833,0.105,0,Non-Detection,Unknown,2017,TRUE,FALSE
GRB 171123A,0.5679035,0.153,0,Non-Detection,Unknown,2017,TRUE,FALSE
GRB 171123A,2.76458175,0.084,0,Non-Detection,Unknown,2017,TRUE,FALSE
GRB 171123A,4.725869333,0.183,0,Non-Detection,Unknown,2017,TRUE,FALSE
GRB 171212A,1.087156,1.644,0,Non-Detection,Unknown,2017,TRUE,FALSE
GRB 171212A,0.0428805,1.182,0,Non-Detection,Unknown,2017,TRUE,FALSE
GRB 171212A,3.080313917,0.876,0,Non-Detection,Unknown,2017,TRUE,FALSE
GRB 171222A,6.415059333,0.096,0,Non-Detection,2.409,2017,TRUE,FALSE
GRB 171222A,2.626828333,0.192,0,Non-Detection,2.409,2017,TRUE,FALSE
GRB 171222A,7.445573167,0.075,0,Non-Detection,2.409,2017,TRUE,FALSE
GRB 171222A,9.427650167,0.105,0,Non-Detection,2.409,2017,TRUE,FALSE
GRB 171222A,8.314721917,0.174,0,Non-Detection,2.409,2017,TRUE,FALSE
GRB 180102A,7.664413083,0.288,0,Non-Detection,Unknown,2018,TRUE,FALSE
GRB 180102A,10.61188883,0.156,0.021,Detection,Unknown,2018,FALSE,FALSE
GRB 180102A,12.59959883,1.077,0,Non-Detection,Unknown,2018,TRUE,FALSE
GRB 180102A,16.4888605,0.123,0,Non-Detection,Unknown,2018,TRUE,FALSE
GRB 180102A,17.66342008,0.159,0,Non-Detection,Unknown,2018,TRUE,FALSE
GRB 180102A,5.68094325,0.126,0,Non-Detection,Unknown,2018,TRUE,FALSE
GRB 180102A,2.6351255,0.321,0,Non-Detection,Unknown,2018,TRUE,FALSE
GRB 180102A,4.703072833,0.149,0.021,Detection,Unknown,2018,FALSE,FALSE
GRB 180111A,2.403130667,0.12,0,Non-Detection,Unknown,2018,TRUE,FALSE
GRB 180111A,0.231392833,0.234,0,Non-Detection,Unknown,2018,TRUE,FALSE
GRB 180111A,1.40932275,0.102,0,Non-Detection,Unknown,2018,TRUE,FALSE
GRB 180111A,7.325062917,0.123,0,Non-Detection,Unknown,2018,TRUE,FALSE
GRB 180111A,10.25109592,0.156,0,Non-Detection,Unknown,2018,TRUE,FALSE
GRB 180111A,9.34037775,0.162,0,Non-Detection,Unknown,2018,TRUE,FALSE
GRB 180113A,0.44488125,0.129,0,Non-Detection,Unknown,2018,TRUE,FALSE
GRB 180113A,5.570428167,0.138,0,Non-Detection,Unknown,2018,TRUE,FALSE
GRB 180113A,8.684815917,0.462,0,Non-Detection,Unknown,2018,TRUE,FALSE
GRB 180113A,7.63421925,0.276,0,Non-Detection,Unknown,2018,TRUE,FALSE
GRB 180204A,2.512902417,0.102,0,Non-Detection,Unknown,2018,TRUE,FALSE
GRB 180204A,0.43446675,0.087,0,Non-Detection,Unknown,2018,TRUE,FALSE
GRB 180204A,1.446036167,0.078,0,Non-Detection,Unknown,2018,TRUE,FALSE
GRB 180204A,5.48948925,0.147,0,Non-Detection,Unknown,2018,TRUE,FALSE
GRB 180204A,7.458398417,0.132,0,Non-Detection,Unknown,2018,TRUE,FALSE
GRB 180204A,6.39637525,0.15,0,Non-Detection,Unknown,2018,TRUE,FALSE
GRB 180204A,10.45546092,0.24,0,Non-Detection,Unknown,2018,TRUE,FALSE
GRB 180224A,12.25225975,0.225,0,Non-Detection,Unknown,2018,TRUE,FALSE
GRB 180224A,9.277766667,0.225,0,Non-Detection,Unknown,2018,TRUE,FALSE
GRB 180224A,10.2230965,0.471,0,Non-Detection,Unknown,2018,TRUE,FALSE
GRB 180224A,6.122506167,2.091,0,Non-Detection,Unknown,2018,TRUE,FALSE
GRB 180224A,3.256064667,0.153,0,Non-Detection,Unknown,2018,TRUE,FALSE
GRB 180224A,4.114126583,0.141,0,Non-Detection,Unknown,2018,TRUE,FALSE
GRB 180224A,0.04272675,0.132,0,Non-Detection,Unknown,2018,TRUE,FALSE
GRB 180224A,1.115394583,0.297,0,Non-Detection,Unknown,2018,TRUE,FALSE
GRB 180324A,1.578343667,0.135,0,Non-Detection,Unknown,2018,TRUE,FALSE
GRB 180324A,0.335313,0.354,0,Non-Detection,Unknown,2018,TRUE,FALSE
GRB 180324A,5.682045083,0.474,0,Non-Detection,Unknown,2018,TRUE,FALSE
GRB 180324A,15.39191775,1.809,0,Non-Detection,Unknown,2018,TRUE,FALSE
GRB 180324A,11.40560583,0.399,0,Non-Detection,Unknown,2018,TRUE,FALSE
GRB 180324A,14.60171808,0.24,0,Non-Detection,Unknown,2018,TRUE,FALSE
GRB 180324A,8.580705917,0.126,0,Non-Detection,Unknown,2018,TRUE,FALSE
GRB 180325A,8.6788,0.304,0.018,Detection,2.25,2018,FALSE,FALSE
GRB 180325A,5.72368,0.564825,0,Non-Detection,2.25,2018,TRUE,FALSE
GRB 180325A,3.88462,0.1707,0,Non-Detection,2.25,2018,TRUE,FALSE
GRB 180325A,1.73808,0.1518,0,Non-Detection,2.25,2018,TRUE,FALSE
GRB 180325A,0.82113,0.1308,0,Non-Detection,2.25,2018,TRUE,FALSE
GRB 180331B,0.189949333,0.462,0,Non-Detection,Unknown,2018,TRUE,FALSE
GRB 180407A,0.608500917,0.321,0,Non-Detection,Unknown,2018,TRUE,FALSE
GRB 180407A,2.531010167,1.056,0,Non-Detection,Unknown,2018,TRUE,FALSE
GRB 180407A,11.507134,0.138,0,Non-Detection,Unknown,2018,TRUE,FALSE
GRB 180407A,7.4861895,0.147,0,Non-Detection,Unknown,2018,TRUE,FALSE
GRB 180407A,8.621278667,0.174,0,Non-Detection,Unknown,2018,TRUE,FALSE
GRB 180407A,9.597772333,0.102,0,Non-Detection,Unknown,2018,TRUE,FALSE
GRB 180407A,4.58857325,0.309,0,Non-Detection,Unknown,2018,TRUE,FALSE
GRB 180410A,0.223434333,0.603,0,Non-Detection,Unknown,2018,TRUE,FALSE
GRB 180410A,1.46101125,0.519,0,Non-Detection,Unknown,2018,TRUE,FALSE
GRB 180410A,4.358628167,0.219,0,Non-Detection,Unknown,2018,TRUE,FALSE
GRB 180410A,5.472938417,0.195,0,Non-Detection,Unknown,2018,TRUE,FALSE
GRB 180410A,6.449436667,0.258,0,Non-Detection,Unknown,2018,TRUE,FALSE
GRB 180410A,9.35087125,0.639,0,Non-Detection,Unknown,2018,TRUE,FALSE
GRB 180411A,0.04249425,0.378,0,Non-Detection,Unknown,2018,TRUE,FALSE
GRB 180418A,0.525078333,0.108,0,Non-Detection,Unknown,2018,TRUE,FALSE
GRB 180418A,2.614403,0.072,0,Non-Detection,Unknown,2018,TRUE,FALSE
GRB 180418A,4.581217833,0.072,0,Non-Detection,Unknown,2018,TRUE,FALSE
GRB 180512A,12.06374217,0.516,0,Non-Detection,Unknown,2018,TRUE,FALSE
GRB 180512A,10.9071925,0.264,0,Non-Detection,Unknown,2018,TRUE,FALSE
GRB 180512A,0.859703417,0.171,0,Non-Detection,Unknown,2018,TRUE,FALSE
GRB 180512A,0.04397775,0.414,0,Non-Detection,Unknown,2018,TRUE,FALSE
GRB 180514A,0.163623,0.171,0,Non-Detection,Unknown,2018,TRUE,FALSE
GRB 180602A,10.35554533,0.15,0,Non-Detection,Unknown,2018,TRUE,FALSE
GRB 180602A,8.250191167,0.168,0,Non-Detection,Unknown,2018,TRUE,FALSE
GRB 180602A,6.37615875,0.174,0,Non-Detection,Unknown,2018,TRUE,FALSE
GRB 180602A,7.269530917,0.276,0,Non-Detection,Unknown,2018,TRUE,FALSE
GRB 180602A,0.175165667,0.231,0,Non-Detection,Unknown,2018,TRUE,FALSE
GRB 180602A,5.46337225,0.159,0,Non-Detection,Unknown,2018,TRUE,FALSE
GRB 180602A,2.411322583,0.333,0,Non-Detection,Unknown,2018,TRUE,FALSE
GRB 180614A,10.44729342,0.189,0,Non-Detection,Unknown,2018,TRUE,FALSE
GRB 180614A,14.55618517,0.249,0,Non-Detection,Unknown,2018,TRUE,FALSE
GRB 180614A,1.443464167,0.171,0,Non-Detection,Unknown,2018,TRUE,FALSE
GRB 180614A,0.294615167,0.183,0,Non-Detection,Unknown,2018,TRUE,FALSE
GRB 180614A,4.447739583,0.153,0,Non-Detection,Unknown,2018,TRUE,FALSE
GRB 180618A,13.49504442,0.264,0,Non-Detection,Unknown,2018,TRUE,FALSE
GRB 180618A,4.597523,0.123,0,Non-Detection,Unknown,2018,TRUE,FALSE
GRB 180620A,12.81259,0.139718,0.043,Detection,Unknown,2018,FALSE,FALSE
GRB 180620A,10.76333,0.275529,0.0417,Detection,Unknown,2018,FALSE,FALSE
GRB 180620A,8.76532,0.0538,0.0623,Detection,Unknown,2018,FALSE,FALSE
GRB 180620A,5.85593,0.270033,0.135928,Detection,Unknown,2018,FALSE,FALSE
GRB 180620A,2.76786,0.183172,0.0842,Detection,Unknown,2018,FALSE,FALSE
GRB 180626A,0.38565,0.867,0,Non-Detection,Unknown,2018,TRUE,FALSE
GRB 180626A,4.646108917,0.589,0.042,Detection,Unknown,2018,FALSE,FALSE
GRB 180704A,0.1480885,0.096,0,Non-Detection,Unknown,2018,TRUE,FALSE
GRB 180704A,1.106825833,0.12,0,Non-Detection,Unknown,2018,TRUE,FALSE
GRB 180704A,2.104093833,0.263,0.01,Detection,Unknown,2018,FALSE,FALSE
GRB 180706A,10.17770092,0.18,0,Non-Detection,Unknown,2018,TRUE,FALSE
GRB 180706A,0.184226917,0.222,0,Non-Detection,Unknown,2018,TRUE,FALSE
GRB 180709A,0.04325125,0.393,0,Non-Detection,Unknown,2018,TRUE,FALSE
GRB 180715A,4.047507083,0.183,0,Non-Detection,Unknown,2018,TRUE,FALSE
GRB 180715A,1.047303417,0.231,0,Non-Detection,Unknown,2018,TRUE,FALSE
GRB 180715A,1.9117455,0.528,0,Non-Detection,Unknown,2018,TRUE,FALSE
GRB 180715A,8.0507895,0.378,0,Non-Detection,Unknown,2018,TRUE,FALSE
GRB 180715A,7.910696333,0.606,0,Non-Detection,Unknown,2018,TRUE,FALSE
GRB 180715A,1.983720667,0.285,0,Non-Detection,Unknown,2018,TRUE,FALSE
GRB 180718A,3.95205175,0.483,0,Non-Detection,Unknown,2018,TRUE,FALSE
GRB 180720B,1.773329259,1.1,0.06,Detection,0.654,2018,FALSE,FALSE
GRB 180720B,3.701662593,0.58,0.05,Detection,0.654,2018,FALSE,FALSE
GRB 180720B,5.733329259,0.34,0.04,Detection,0.654,2018,FALSE,FALSE
GRB 180720B,6.743329259,0.219,0,Non-Detection,0.654,2018,TRUE,FALSE
GRB 180720B,25.65249593,0.189,0,Non-Detection,0.654,2018,TRUE,FALSE
GRB 180818B,0.043751083,0.171,0,Non-Detection,Unknown,2018,TRUE,FALSE
GRB 180823A,0.04304875,0.525,0,Non-Detection,Unknown,2018,TRUE,FALSE
GRB 180904A,0.043249667,0.258,0,Non-Detection,Unknown,2018,TRUE,FALSE
GRB 181002A,0.492064833,0.57,0,Non-Detection,Unknown,2018,TRUE,FALSE
GRB 181023A,0.335854917,0.216,0,Non-Detection,Unknown,2018,TRUE,FALSE
GRB 181027A,0.271668333,0.135,0,Non-Detection,Unknown,2018,TRUE,FALSE
GRB 181103A,0.067686833,0.12,0,Non-Detection,Unknown,2018,TRUE,FALSE
GRB 181123B,0.04234675,0.165,0,Non-Detection,Unknown,2018,TRUE,FALSE
GRB 181123B,1.202279583,0.141,0,Non-Detection,Unknown,2018,TRUE,FALSE
GRB 181123B,2.081124,0.111,0,Non-Detection,Unknown,2018,TRUE,FALSE
GRB 181123B,3.081496667,0.135,0,Non-Detection,Unknown,2018,TRUE,FALSE
GRB 181123B,0.26318475,0.153,0,Non-Detection,Unknown,2018,TRUE,FALSE
GRB 181202A,7.4677495,0.117,0,Non-Detection,Unknown,2018,TRUE,FALSE
GRB 181213A,0.043283833,0.096,0,Non-Detection,Unknown,2018,TRUE,FALSE
GRB 181224A,0.3433575,0.591,0,Non-Detection,Unknown,2018,TRUE,FALSE
GRB 181228A,0.609683167,0.177,0,Non-Detection,Unknown,2018,TRUE,FALSE
GRB 190103B,0.24595675,0.171,0,Non-Detection,Unknown,2019,TRUE,FALSE
GRB 190106A,0.04339525,0.162,0,Non-Detection,1.859,2019,TRUE,FALSE
GRB 190109A,0.616457167,0.09,0,Non-Detection,Unknown,2019,TRUE,FALSE
GRB 190109B,0.420411917,0.141,0,Non-Detection,Unknown,2019,TRUE,FALSE
GRB 190114A,3.709726083,0.165482113,0.034760145,Detection,3.3765,2019,FALSE,FALSE
GRB 190114A,6.692520083,0.166067693,0.049390258,Detection,3.3765,2019,FALSE,FALSE
GRB 190114A,14.66583025,0.177,0,Non-Detection,3.3765,2019,TRUE,FALSE
GRB 190114A,0.614027667,0.189,0,Non-Detection,3.3765,2019,TRUE,FALSE
GRB 190114B,0.2573205,0.78,0,Non-Detection,Unknown,2019,TRUE,FALSE
GRB 190123A,0.114528667,0.168,0,Non-Detection,Unknown,2019,TRUE,FALSE
GRB 190202A,3.109036,0.165,0,Non-Detection,Unknown,2019,TRUE,FALSE
GRB 190203A,1.179674667,0.132,0,Non-Detection,Unknown,2019,TRUE,FALSE
GRB 190211A,1.432568833,0.261,0,Non-Detection,Unknown,2019,TRUE,FALSE
GRB 190219A,0.27829025,0.225,0,Non-Detection,Unknown,2019,TRUE,FALSE
GRB 190311A,0.339616667,0.09,0,Non-Detection,Unknown,2019,TRUE,FALSE
GRB 190331A,0.610416667,0.165,0,Non-Detection,Unknown,2019,TRUE,FALSE
GRB 190424A,0.322037037,0.21,0,Non-Detection,Unknown,2019,TRUE,FALSE
GRB 190427A,0.184768519,0.51,0,Non-Detection,Unknown,2019,TRUE,FALSE
GRB 190427A,0.913402778,0.297,0,Non-Detection,Unknown,2019,TRUE,FALSE
GRB 190515A,1.5721875,0.204,0.016,Detection,Unknown,2019,FALSE,FALSE
GRB 190515A,2.618738426,0.129,0,Non-Detection,Unknown,2019,TRUE,FALSE
GRB 190515B,0.043090278,0.493,0.046,Detection,Unknown,2019,FALSE,FALSE
GRB 190610A,0.881456167,0.426,0,Non-Detection,0.037,2019,TRUE,FALSE
GRB 190610A,0.882280093,0.381,0,Non-Detection,0.037,2019,TRUE,FALSE
GRB 190630B,0.416724537,2.7,0,Non-Detection,Unknown,2019,TRUE,FALSE
GRB 190701A,0.043611111,0.6,0,Non-Detection,Unknown,2019,TRUE,FALSE
GRB 190719C,0.04287037,0.39,0,Non-Detection,2.469,2019,TRUE,FALSE
GRB 190826B,1.853935185,0.45,0,Non-Detection,Unknown,2019,TRUE,FALSE
GRB 190829A,1.335300926,3.889,0.031,Detection,0.0785,2019,FALSE,FALSE
GRB 190829A,2.338784722,2.928,0.022,Detection,0.0785,2019,FALSE,FALSE
GRB 190829A,4.351238426,2.028,0.016,Detection,0.0785,2019,FALSE,FALSE
GRB 190829A,5.331979167,1.963,0.048,Detection,0.0785,2019,FALSE,FALSE
GRB 190829A,6.325798611,1.546,0.016,Detection,0.0785,2019,FALSE,FALSE
GRB 190829A,7.347291667,1.556,0.03,Detection,0.0785,2019,FALSE,FALSE
GRB 190829A,9.330127315,1.313,0.015,Detection,0.0785,2019,FALSE,FALSE
GRB 190829A,10.36399306,1.267,0.03,Detection,0.0785,2019,FALSE,FALSE
GRB 190829A,11.31900463,1.186,0.066,Detection,0.0785,2019,FALSE,FALSE
GRB 190829A,12.32194444,1.174,0.033,Detection,0.0785,2019,FALSE,FALSE
GRB 190829A,13.31921296,0.924,0.018,Detection,0.0785,2019,FALSE,FALSE
GRB 190829A,14.31993056,0.895,0.026,Detection,0.0785,2019,FALSE,FALSE
GRB 190829A,15.31376157,0.834,0.027,Detection,0.0785,2019,FALSE,FALSE
GRB 190829A,16.31100694,0.768,0.018,Detection,0.0785,2019,FALSE,FALSE
GRB 190829A,17.30827546,0.65,0.025,Detection,0.0785,2019,FALSE,FALSE
GRB 190829A,18.30556713,0.634,0.023,Detection,0.0785,2019,FALSE,FALSE
GRB 190829A,19.31456019,0.535,0.013,Detection,0.0785,2019,FALSE,FALSE
GRB 190829A,20.30010417,0.643,0.009,Detection,0.0785,2019,FALSE,FALSE
GRB 190829A,21.29738426,0.538,0.022,Detection,0.0785,2019,FALSE,FALSE
GRB 190829A,22.30085648,0.624,0.011,Detection,0.0785,2019,FALSE,FALSE
GRB 190829A,23.30018519,0.54,0.033,Detection,0.0785,2019,FALSE,FALSE
GRB 190829A,24.2475,0.536,0.04,Detection,0.0785,2019,FALSE,FALSE
GRB 190829A,25.33614583,0.486,0,Non-Detection,0.0785,2019,TRUE,FALSE
GRB 190829A,26.2837037,0.551,0.031,Detection,0.0785,2019,FALSE,FALSE
GRB 190829A,27.23930556,0.486,0.026,Detection,0.0785,2019,FALSE,FALSE
GRB 190829A,28.27825231,0.41,0.01,Detection,0.0785,2019,FALSE,FALSE
GRB 190829A,29.27553241,0.497,0.023,Detection,0.0785,2019,FALSE,FALSE
GRB 190829A,32.30391204,0.347,0.038,Detection,0.0785,2019,FALSE,FALSE
GRB 190829A,34.269375,0.253,0.038,Detection,0.0785,2019,FALSE,FALSE
GRB 190829A,35.2424537,0.373,0.029,Detection,0.0785,2019,FALSE,FALSE
GRB 190829A,36.25640046,0.296,0.011,Detection,0.0785,2019,FALSE,FALSE
GRB 190829A,37.25368056,1.8,0,Non-Detection,0.0785,2019,TRUE,FALSE
GRB 190829A,38.25094907,0.312,0.019,Detection,0.0785,2019,FALSE,FALSE
GRB 190829A,39.2862037,0.314,0.009,Detection,0.0785,2019,FALSE,FALSE
GRB 190829A,40.24547454,0.293,0.009,Detection,0.0785,2019,FALSE,FALSE
GRB 190829A,41.2219213,0.261,0.006,Detection,0.0785,2019,FALSE,FALSE
GRB 190829A,45.23599537,0.221,0.01,Detection,0.0785,2019,FALSE,FALSE
GRB 190829A,53.23070602,0.284,0.015,Detection,0.0785,2019,FALSE,FALSE
GRB 190829A,58.2115162,0.256,0.011,Detection,0.0785,2019,FALSE,FALSE
GRB 190829A,64.18134259,0.225,0,Non-Detection,0.0785,2019,TRUE,FALSE
GRB 190829A,67.18763889,0.154,0.012,Detection,0.0785,2019,FALSE,FALSE
GRB 190829A,71.16707176,0.21,0.01,Detection,0.0785,2019,FALSE,FALSE
GRB 190829A,73.15539352,0.249,0.019,Detection,0.0785,2019,FALSE,FALSE
GRB 190829A,78.14171296,0.189,0.01,Detection,0.0785,2019,FALSE,FALSE
GRB 190829A,81.13353009,0.167,0.004,Detection,0.0785,2019,FALSE,FALSE
GRB 190829A,85.12261574,0.18,0.016,Detection,0.0785,2019,FALSE,FALSE
GRB 190829A,88.1144213,0.234,0.04,Detection,0.0785,2019,FALSE,FALSE
GRB 190829A,95.0953125,0.244,0.026,Detection,0.0785,2019,FALSE,FALSE
GRB 190829A,105.0728588,0.192,0,Non-Detection,0.0785,2019,TRUE,FALSE
GRB 190829A,110.0543519,0.144,0,Non-Detection,0.0785,2019,TRUE,FALSE
GRB 190829A,113.0461574,0.207,0.021,Detection,0.0785,2019,FALSE,FALSE
GRB 190829A,116.037963,0.165,0.02,Detection,0.0785,2019,FALSE,FALSE
GRB 190829A,122.0215741,0.187,0.017,Detection,0.0785,2019,FALSE,FALSE
GRB 190829A,127.0079282,0.183,0,Non-Detection,0.0785,2019,TRUE,FALSE
GRB 190829A,133.9888194,0.131,0.007,Detection,0.0785,2019,FALSE,FALSE
GRB 190829A,142.9642477,0.275,0.015,Detection,0.0785,2019,FALSE,FALSE
GRB 190829A,147.9505787,0.213,0.018,Detection,0.0785,2019,FALSE,FALSE
GRB 190829A,156.9364005,0.504,0,Non-Detection,0.0785,2019,TRUE,FALSE
GRB 190829A,160.9151042,0.156,0.009,Detection,0.0785,2019,FALSE,FALSE
GRB 190829A,182.8550231,0.312,0,Non-Detection,0.0785,2019,TRUE,FALSE
GRB 190926A,0.451273148,0.108,0,Non-Detection,Unknown,2019,TRUE,FALSE
GRB 191016A,1.968252315,0.339,0,Non-Detection,Unknown,2019,TRUE,FALSE
GRB 191031D,0.763738426,0.432,0,Non-Detection,Unknown,2019,TRUE,FALSE
GRB 191031D,4.703622685,0.135,0,Non-Detection,Unknown,2019,TRUE,FALSE
GRB 191031D,5.693171296,0.183,0,Non-Detection,Unknown,2019,TRUE,FALSE
GRB 191031D,6.868483796,0.177,0,Non-Detection,Unknown,2019,TRUE,FALSE
GRB 191031D,10.80278935,0.189,0,Non-Detection,Unknown,2019,TRUE,FALSE
GRB 191031D,11.64976852,0.21,0,Non-Detection,Unknown,2019,TRUE,FALSE
GRB 191031D,13.6865625,0.159,0,Non-Detection,Unknown,2019,TRUE,FALSE
GRB 191031D,20.64805556,0.222,0,Non-Detection,Unknown,2019,TRUE,FALSE
GRB 191031D,23.62741898,0.21,0,Non-Detection,Unknown,2019,TRUE,FALSE
GRB 191031D,40.69109954,0.15,0,Non-Detection,Unknown,2019,TRUE,FALSE
GRB 191031D,44.61577546,0.153,0,Non-Detection,Unknown,2019,TRUE,FALSE
GRB 191031D,52.53715278,0.123,0,Non-Detection,Unknown,2019,TRUE,FALSE
GRB 191031D,58.61143519,0.225,0,Non-Detection,Unknown,2019,TRUE,FALSE
GRB 191031D,65.48568287,0.294,0,Non-Detection,Unknown,2019,TRUE,FALSE
GRB 191101A,0.503043981,0.168,0,Non-Detection,Unknown,2019,TRUE,FALSE
GRB 191101A,3.587523148,0.186,0,Non-Detection,Unknown,2019,TRUE,FALSE
GRB 191106A,0.074988426,0.12,0,Non-Detection,Unknown,2019,TRUE,FALSE
GRB 191123A,4.012951389,0.153,0,Non-Detection,Unknown,2019,TRUE,FALSE
GRB 191220A,0.042881944,0.255,0,Non-Detection,Unknown,2019,TRUE,FALSE
GRB 200115A,0.393148148,0.13,0.009,Detection,Unknown,2020,FALSE,FALSE
GRB 200122A,0.042523148,0.39,0,Non-Detection,Unknown,2020,TRUE,FALSE
GRB 200127A,0.042951389,0.546,0,Non-Detection,Unknown,2020,TRUE,FALSE
GRB 200131A,24.63599537,0.165,0,Non-Detection,Unknown,2020,TRUE,FALSE
GRB 200215A,10.05570602,0.21,0,Non-Detection,Unknown,2020,TRUE,FALSE
GRB 200215A,16.06840278,0.171,0,Non-Detection,Unknown,2020,TRUE,FALSE
GRB 200216B,9.486585648,0.186,0,Non-Detection,Unknown,2020,TRUE,FALSE
GRB 200219C,14.27555556,0.618,0.027,Detection,Unknown,2020,FALSE,FALSE
GRB 200219C,24.35628472,0.507,0,Non-Detection,Unknown,2020,TRUE,FALSE
GRB 200224A,1.230613426,0.165,0,Non-Detection,Unknown,2020,TRUE,FALSE
GRB 200227A,0.225324074,0.792,0,Non-Detection,Unknown,2020,TRUE,FALSE
GRB 200306C,0.042800926,0.147,0,Non-Detection,Unknown,2020,TRUE,FALSE
GRB 210104A,73.32609954,0.285,0,Non-Detection,Unknown,2021,TRUE,FALSE
GRB 210321A,0.525439815,0.177,0,Non-Detection,1.487,2021,TRUE,FALSE
GRB 210321A,5.390706019,0.126,0,Non-Detection,1.487,2021,TRUE,FALSE
GRB 210321A,10.33827546,0.192,0,Non-Detection,1.487,2021,TRUE,FALSE
GRB 210323A,0.517465278,0.15,0,Non-Detection,Unknown,2021,TRUE,FALSE
GRB 210323A,1.520231481,0.12,0,Non-Detection,Unknown,2021,TRUE,FALSE
GRB 210323A,3.406724537,0.129,0,Non-Detection,Unknown,2021,TRUE,FALSE
GRB 210323A,7.527372685,0.225,0,Non-Detection,Unknown,2021,TRUE,FALSE
GRB 210323A,8.518993056,0.162,0,Non-Detection,Unknown,2021,TRUE,FALSE
GRB 210413B,2.86400463,0.168,0,Non-Detection,Unknown,2021,TRUE,FALSE
GRB 210420B,2.387592593,0.09,0,Non-Detection,1.4,2021,TRUE,FALSE
GRB 210420B,9.25837963,0.199,0.017,Detection,1.4,2021,FALSE,FALSE
GRB 210420B,11.25428241,0.135,0,Non-Detection,1.4,2021,TRUE,FALSE
GRB 210420B,12.22524306,0.264,0.027,Detection,1.4,2021,FALSE,FALSE
GRB 210420B,21.32809028,0.207,0,Non-Detection,1.4,2021,TRUE,FALSE
GRB 210420B,22.24435185,0.303,0,Non-Detection,1.4,2021,TRUE,FALSE
GRB 210420B,23.19034722,0.675,0,Non-Detection,1.4,2021,TRUE,FALSE
GRB 210420B,25.31716435,0.156,0,Non-Detection,1.4,2021,TRUE,FALSE
GRB 210420B,27.24799769,0.23,0.029,Detection,1.4,2021,FALSE,FALSE
GRB 210420B,29.32287037,0.255,0,Non-Detection,1.4,2021,TRUE,FALSE
GRB 210420B,34.28359954,0.177,0,Non-Detection,1.4,2021,TRUE,FALSE
GRB 210420B,36.21453704,0.117,0,Non-Detection,1.4,2021,TRUE,FALSE
GRB 210420B,41.15090278,0.282,0,Non-Detection,1.4,2021,TRUE,FALSE
GRB 210527A,0.434768519,0.3,0,Non-Detection,Unknown,2021,TRUE,FALSE
GRB 210610A,0.192094907,0.141,0,Non-Detection,3.54,2021,TRUE,FALSE
GRB 210610A,1.135347222,0.135,0,Non-Detection,3.54,2021,TRUE,FALSE
GRB 210610A,2.147847222,0.189,0,Non-Detection,3.54,2021,TRUE,FALSE
GRB 210610A,3.185983796,0.3,0,Non-Detection,3.54,2021,TRUE,FALSE
GRB 210610A,4.132002315,0.186,0,Non-Detection,3.54,2021,TRUE,FALSE
GRB 210610A,5.147974537,0.213,0,Non-Detection,3.54,2021,TRUE,FALSE
GRB 210610A,7.154270833,0.372,0,Non-Detection,3.54,2021,TRUE,FALSE
GRB 210610A,13.13934028,0.168,0,Non-Detection,3.54,2021,TRUE,FALSE
GRB 210610A,21.10982639,0.231,0,Non-Detection,3.54,2021,TRUE,FALSE
GRB 210610B,0.141064815,0.252,0,Non-Detection,1.13,2021,TRUE,TRUE
GRB 210610B,1.083622685,0.604,0.03,Detection,1.13,2021,FALSE,TRUE
GRB 210610B,2.153738426,0.47,0.056,Detection,1.13,2021,FALSE,TRUE
GRB 210610B,3.191851852,0.357,0.027,Detection,1.13,2021,FALSE,TRUE
GRB 210610B,4.13787037,0.36,0.031,Detection,1.13,2021,FALSE,TRUE
GRB 210610B,5.153854167,0.271,0.017,Detection,1.13,2021,FALSE,TRUE
GRB 210610B,7.169166667,0.519,0,Non-Detection,1.13,2021,TRUE,TRUE
GRB 210610B,12.0162963,0.142,0.013,Detection,1.13,2021,FALSE,TRUE
GRB 210610B,13.15068287,0.135,0,Non-Detection,1.13,2021,TRUE,TRUE
GRB 210610B,14.01637731,0.153,0,Non-Detection,1.13,2021,TRUE,TRUE
GRB 210618A,0.75,0.768,0,Non-Detection,Unknown,2021,TRUE,FALSE
GRB 210619B,5.431215278,0.396,0,Non-Detection,1.937,2021,TRUE,FALSE
GRB 210619B,15.35387731,1.629,0,Non-Detection,1.937,2021,TRUE,FALSE
GRB 210619B,21.26217593,0.18,0,Non-Detection,1.937,2021,TRUE,FALSE
GRB 210619B,23.26217593,0.192,0,Non-Detection,1.937,2021,TRUE,FALSE
GRB 210619B,42.2775463,0.261,0,Non-Detection,1.937,2021,TRUE,FALSE
GRB 210704A,2.861828704,0.214,0.022,Detection,2.34,2021,FALSE,TRUE
GRB 210704A,6.826678241,0.141,0.02,Detection,2.34,2021,FALSE,TRUE
GRB 210704A,7.805416667,0.349,0.015,Detection,2.34,2021,FALSE,TRUE
GRB 210704A,9.882199074,0.341,0.031,Detection,2.34,2021,FALSE,TRUE
GRB 210704A,12.80833333,0.332,0.028,Detection,2.34,2021,FALSE,TRUE
GRB 210704A,22.86261574,0.586,0.039,Detection,2.34,2021,FALSE,TRUE
GRB 210704A,29.82204861,0.63,0.03,Detection,2.34,2021,FALSE,TRUE
GRB 210704A,30.76461806,0.897,0.058,Detection,2.34,2021,FALSE,TRUE
GRB 210704A,36.69834491,0.437,0.015,Detection,2.34,2021,FALSE,TRUE
GRB 210704A,38.6915162,0.431,0.032,Detection,2.34,2021,FALSE,TRUE
GRB 210704A,40.75530093,0.375,0.038,Detection,2.34,2021,FALSE,TRUE
GRB 210704A,43.74019676,0.381,0.049,Detection,2.34,2021,FALSE,TRUE
GRB 210704A,44.75765046,0.37,0.018,Detection,2.34,2021,FALSE,TRUE
GRB 210704A,45.78954861,0.397,0.025,Detection,2.34,2021,FALSE,TRUE
GRB 210704A,48.65859954,0.298,0.031,Detection,2.34,2021,FALSE,TRUE
GRB 210704A,49.68087963,0.53,0.067,Detection,2.34,2021,FALSE,TRUE
GRB 210704A,51.69825231,0.21,0,Non-Detection,2.34,2021,TRUE,TRUE
GRB 210704A,55.76351852,0.322,0.032,Detection,2.34,2021,FALSE,TRUE
GRB 210704A,58.649375,0.255,0,Non-Detection,2.34,2021,TRUE,TRUE
GRB 210704A,62.61005787,0.275,0.018,Detection,2.34,2021,FALSE,TRUE
GRB 210704A,65.64837963,0.36,0,Non-Detection,2.34,2021,TRUE,TRUE
GRB 210704A,66.59706019,0.363,0.07,Detection,2.34,2021,FALSE,TRUE
GRB 210704A,69.58194444,0.392,0.032,Detection,2.34,2021,FALSE,TRUE
GRB 210704A,73.66243056,0.258,0,Non-Detection,2.34,2021,TRUE,TRUE
GRB 210704A,76.68471065,0.287,0.036,Detection,2.34,2021,FALSE,TRUE
GRB 210704A,83.64206019,0.452,0.029,Detection,2.34,2021,FALSE,TRUE
GRB 210704A,89.52733796,0.258,0,Non-Detection,2.34,2021,TRUE,TRUE
GRB 210704A,91.67078704,0.257,0.028,Detection,2.34,2021,FALSE,TRUE
GRB 210704A,96.61763889,0.318,0,Non-Detection,2.34,2021,TRUE,TRUE
GRB 210704A,101.5963657,0.18,0,Non-Detection,2.34,2021,TRUE,TRUE
GRB 210704A,111.5122801,0.244,0.034,Detection,2.34,2021,FALSE,TRUE
GRB 210704A,127.4706597,0.342,0,Non-Detection,2.34,2021,TRUE,TRUE
GRB 210704A,133.4411227,0.144,0,Non-Detection,2.34,2021,TRUE,TRUE
GRB 210704A,134.4494792,0.165,0,Non-Detection,2.34,2021,TRUE,TRUE
GRB 210704A,138.480787,0.165,0.018,Detection,2.34,2021,FALSE,TRUE
GRB 210704A,141.453669,0.215,0.018,Detection,2.34,2021,FALSE,TRUE
GRB 210704A,163.4804167,0.255,0,Non-Detection,2.34,2021,TRUE,TRUE
GRB 210704A,168.3601042,0.219,0,Non-Detection,2.34,2021,TRUE,TRUE
GRB 210704A,171.3720602,0.321,0,Non-Detection,2.34,2021,TRUE,TRUE
GRB 210704A,197.3827431,0.135,0,Non-Detection,2.34,2021,TRUE,TRUE
GRB 210704A,203.3476273,0.2,0.025,Detection,2.34,2021,FALSE,TRUE
GRB 210704A,213.3307292,0.24,0.011,Detection,2.34,2021,FALSE,TRUE
GRB 210704A,222.1821759,0.096,0,Non-Detection,2.34,2021,TRUE,TRUE
GRB 210706A,1.777673611,0.399,0,Non-Detection,Unknown,2021,TRUE,FALSE
GRB 210706A,6.77787037,0.93,0,Non-Detection,Unknown,2021,TRUE,FALSE
GRB 210706A,23.68921296,0.72,0,Non-Detection,Unknown,2021,TRUE,FALSE
GRB 210706A,27.17478009,0.315,0,Non-Detection,Unknown,2021,TRUE,FALSE
GRB 210708B,0.095856481,0.667,0.02,Detection,Unknown,2021,FALSE,FALSE
GRB 210726A,1.783796296,0.261,0,Non-Detection,0.35,2021,TRUE,FALSE
GRB 210726A,3.95375,0.201,0,Non-Detection,0.35,2021,TRUE,FALSE
GRB 210726A,6.923391204,0.162,0,Non-Detection,0.35,2021,TRUE,FALSE
GRB 210726A,8.942858796,0.279,0,Non-Detection,0.35,2021,TRUE,FALSE
GRB 210726A,14.8766088,0.195,0,Non-Detection,0.35,2021,TRUE,FALSE
GRB 210726A,24.80636574,0.181,0.023,Detection,0.35,2021,FALSE,FALSE
GRB 210726A,26.81614583,0.153,0,Non-Detection,0.35,2021,TRUE,FALSE
GRB 210726A,28.75256944,0.123,0,Non-Detection,0.35,2021,TRUE,FALSE
GRB 210726A,31.76729167,0.156,0,Non-Detection,0.35,2021,TRUE,FALSE
GRB 210726A,32.21178241,0.156,0,Non-Detection,0.35,2021,TRUE,FALSE
GRB 210726A,34.76465278,0.201,0,Non-Detection,0.35,2021,TRUE,FALSE
GRB 210726A,35.75976852,0.255,0,Non-Detection,0.35,2021,TRUE,FALSE
GRB 210726A,38.74469907,0.099,0,Non-Detection,0.35,2021,TRUE,FALSE
GRB 210726A,45.7040625,0.516,0,Non-Detection,0.35,2021,TRUE,FALSE
GRB 210726A,52.70297454,0.168,0,Non-Detection,0.35,2021,TRUE,FALSE
GRB 210726A,56.67612269,0.393,0,Non-Detection,0.35,2021,TRUE,FALSE
GRB 210730A,0.361608796,0.246,0,Non-Detection,Unknown,2021,TRUE,FALSE
GRB 210730A,4.263425926,0.753,0,Non-Detection,Unknown,2021,TRUE,FALSE
GRB 210807A,2.838460648,0.222,0,Non-Detection,Unknown,2021,TRUE,FALSE
GRB 210807A,5.970150463,0.3,0,Non-Detection,Unknown,2021,TRUE,FALSE
GRB 210807A,6.981990741,0.291,0,Non-Detection,Unknown,2021,TRUE,FALSE
GRB 210807A,9.965462963,0.609,0,Non-Detection,Unknown,2021,TRUE,FALSE
GRB 210820A,2.339236111,0.225,0,Non-Detection,Unknown,2021,TRUE,FALSE
GRB 210820A,5.497268519,0.657,0,Non-Detection,Unknown,2021,TRUE,FALSE
GRB 210820A,7.45025463,0.408,0,Non-Detection,Unknown,2021,TRUE,FALSE
GRB 210822A,2.557523148,0.42,0,Non-Detection,1.736,2021,TRUE,FALSE
GRB 210822A,4.552071759,0.261,0,Non-Detection,1.736,2021,TRUE,FALSE
GRB 210822A,7.502314815,0.381,0,Non-Detection,1.736,2021,TRUE,FALSE
GRB 210912A,3.849861111,0.264,0,Non-Detection,Unknown,2021,TRUE,FALSE
GRB 210912A,7.847939815,0.231,0,Non-Detection,Unknown,2021,TRUE,FALSE
GRB 210912A,14.2687963,0.357,0,Non-Detection,Unknown,2021,TRUE,FALSE
GRB 210919A,5.344201389,0.954,0,Non-Detection,0.2411,2021,TRUE,FALSE
GRB 210919A,13.21295139,0.228,0,Non-Detection,0.2411,2021,TRUE,FALSE
GRB 210930A,1.4546875,0.318,0,Non-Detection,Unknown,2021,TRUE,FALSE
GRB 211023B,1.52775463,0.285,0,Non-Detection,0.862,2021,TRUE,FALSE
GRB 211023B,10.46856481,0.213,0,Non-Detection,0.862,2021,TRUE,FALSE
GRB 211023B,18.37329861,0.18,0,Non-Detection,0.862,2021,TRUE,FALSE
GRB 211024B,1.471724537,0.252,0,Non-Detection,1.1137,2021,TRUE,FALSE
GRB 211024B,8.3778125,0.228,0,Non-Detection,1.1137,2021,TRUE,FALSE
GRB 211024B,16.34766204,0.384,0,Non-Detection,1.1137,2021,TRUE,FALSE
GRB 211025A,1.229328704,0.276,0,Non-Detection,Unknown,2021,TRUE,FALSE
GRB 211221A,0.109039352,0.234,0,Non-Detection,Unknown,2021,TRUE,FALSE
GRB 220101A,12.43994213,0.262,0.016,Detection,4.618,2022,FALSE,FALSE
GRB 220101A,14.41229167,0.237,0.019,Detection,4.618,2022,FALSE,FALSE
GRB 220101A,16.39231481,0.249,0.015,Detection,4.618,2022,FALSE,FALSE
GRB 220101A,19.51708333,0.173,0.023,Detection,4.618,2022,FALSE,FALSE
GRB 220101A,21.50262731,0.2,0.019,Detection,4.618,2022,FALSE,FALSE
GRB 220101A,23.51725694,0.232,0.043,Detection,4.618,2022,FALSE,FALSE
GRB 220107A,5.28349537,0.123,0,Non-Detection,1.246,2022,TRUE,FALSE
GRB 220118A,0.52193287,0.234,0,Non-Detection,Unknown,2022,TRUE,FALSE
GRB 220404A,0.043148704,0.21,0,Non-Detection,Unknown,2022,TRUE,FALSE
GRB 220408A,0.841890648,0.546,0,Non-Detection,Unknown,2022,TRUE,FALSE
GRB 220412A,2.4641075,0.677,0.022,Detection,Unknown,2022,FALSE,FALSE
GRB 220412A,14.36763759,0.624,0.007,Detection,Unknown,2022,FALSE,FALSE
GRB 220412A,23.36521861,0.8,0.003,Detection,Unknown,2022,FALSE,FALSE
GRB 220501A,0.682121667,0.45,0,Non-Detection,Unknown,2022,TRUE,FALSE
GRB 221009A,0.13086935,24.74,1.241881,Detection,0.151,2022,FALSE,FALSE
GRB 221009A,0.17253935,33.32,1.667733,Detection,0.151,2022,FALSE,FALSE
GRB 221009A,0.21419935,42.65,2.133926,Detection,0.151,2022,FALSE,FALSE
GRB 221009A,0.25586935,47.76,2.485688,Detection,0.151,2022,FALSE,FALSE
GRB 221009A,1.03160935,26.47,1.374246,Detection,0.151,2022,FALSE,FALSE
GRB 221009A,1.11193935,27.96,1.418451,Detection,0.151,2022,FALSE,FALSE
GRB 221009A,1.19816935,25.688,1.286252,Detection,0.151,2022,FALSE,FALSE
GRB 221009A,1.35675935,21.68,1.091767,Detection,0.151,2022,FALSE,FALSE
GRB 221009A,2.10955935,12.334,0.61971,Detection,0.151,2022,FALSE,FALSE
GRB 221009A,2.29309935,11.699,0.586835,Detection,0.151,2022,FALSE,FALSE
GRB 221009A,3.12137935,9.12,0.460331,Detection,0.151,2022,FALSE,FALSE
GRB 221009A,3.12137935,9.238,0.465653,Detection,0.151,2022,FALSE,FALSE
GRB 221009A,4.13180935,7.968,0.405584,Detection,0.151,2022,FALSE,FALSE
GRB 221009A,4.29732935,7.683,0.386025,Detection,0.151,2022,FALSE,FALSE
GRB 221009A,5.09721935,7.181,0.364029,Detection,0.151,2022,FALSE,FALSE
GRB 221009A,5.28420935,7.053,0.355768,Detection,0.151,2022,FALSE,FALSE
GRB 221009A,6.10626935,6.682,0.338597,Detection,0.151,2022,FALSE,FALSE
GRB 221009A,6.28285935,6.841,0.346132,Detection,0.151,2022,FALSE,FALSE
GRB 221009A,7.06474935,5.994,0.307318,Detection,0.151,2022,FALSE,FALSE
GRB 221009A,8.26562935,5.588,0.281584,Detection,0.151,2022,FALSE,FALSE
GRB 221009A,9.13200935,4.524,0.232326,Detection,0.151,2022,FALSE,FALSE
GRB 221009A,10.13689935,4.223,0.215892,Detection,0.151,2022,FALSE,FALSE
GRB 221009A,11.17155935,3.927,0.205906,Detection,0.151,2022,FALSE,FALSE
GRB 221009A,11.17155935,3.927,0.205906,Detection,0.151,2022,FALSE,FALSE
GRB 221009A,11.17155935,3.927,0.205906,Detection,0.151,2022,FALSE,FALSE
GRB 221009A,12.13904935,3.458,0.192664,Detection,0.151,2022,FALSE,FALSE
GRB 221009A,12.13904935,3.458,0.192664,Detection,0.151,2022,FALSE,FALSE
GRB 221009A,12.13904935,3.458,0.192664,Detection,0.151,2022,FALSE,FALSE
GRB 221009A,13.31082935,3.829,0.211549,Detection,0.151,2022,FALSE,FALSE
GRB 221009A,13.31082935,3.829,0.211549,Detection,0.151,2022,FALSE,FALSE
GRB 221009A,13.31082935,3.829,0.211549,Detection,0.151,2022,FALSE,FALSE
GRB 221009A,14.13771935,3.661,0.206696,Detection,0.151,2022,FALSE,FALSE
GRB 221009A,14.13771935,3.661,0.206696,Detection,0.151,2022,FALSE,FALSE
GRB 221009A,14.13771935,3.661,0.206696,Detection,0.151,2022,FALSE,FALSE
GRB 221009A,15.34366935,2.63,0.192074,Detection,0.151,2022,FALSE,FALSE
GRB 221009A,15.34366935,2.63,0.192074,Detection,0.151,2022,FALSE,FALSE
GRB 221009A,15.34366935,2.63,0.192074,Detection,0.151,2022,FALSE,FALSE
GRB 221009A,16.11427935,3.362,0.18287,Detection,0.151,2022,FALSE,FALSE
GRB 221009A,16.11427935,3.362,0.18287,Detection,0.151,2022,FALSE,FALSE
GRB 221009A,16.11427935,3.362,0.18287,Detection,0.151,2022,FALSE,FALSE
GRB 221009A,18.11435935,3.29,0.197889,Detection,0.151,2022,FALSE,FALSE
GRB 221009A,18.11435935,3.29,0.197889,Detection,0.151,2022,FALSE,FALSE
GRB 221009A,19.11993935,2.66,0.172595,Detection,0.151,2022,FALSE,FALSE
GRB 221009A,25.01559935,1.904,0.12435,Detection,0.151,2022,FALSE,FALSE
GRB 221009A,26.01494935,1.614,0.0949,Detection,0.151,2022,FALSE,FALSE
GRB 221009A,27.01083935,1.512,0.125361,Detection,0.151,2022,FALSE,FALSE
GRB 221009A,28.07616935,1.47,0.124106,Detection,0.151,2022,FALSE,FALSE
GRB 221009A,29.09401935,1.644,0.0962,Detection,0.151,2022,FALSE,FALSE
GRB 221009A,31.07539935,1.618,0.0902,Detection,0.151,2022,FALSE,FALSE
GRB 221009A,32.07612935,1.963,0.115037,Detection,0.151,2022,FALSE,FALSE
GRB 221009A,33.13088935,1.582,0.0886,Detection,0.151,2022,FALSE,FALSE
GRB 221009A,34.10460935,1.794,0.0946,Detection,0.151,2022,FALSE,FALSE
GRB 221009A,35.14204935,1.615,0.095,Detection,0.151,2022,FALSE,FALSE
GRB 221009A,36.07074935,1.46,0.0945,Detection,0.151,2022,FALSE,FALSE
GRB 221009A,37.10957935,1.406,0.0809,Detection,0.151,2022,FALSE,FALSE
GRB 221009A,38.10337935,1.618,0.0902,Detection,0.151,2022,FALSE,FALSE
GRB 221009A,39.00688935,2.03,0.109097,Detection,0.151,2022,FALSE,FALSE
GRB 221009A,40.09652935,1.521,0.0859,Detection,0.151,2022,FALSE,FALSE
GRB 221009A,41.08895935,1.718,0.0964,Detection,0.151,2022,FALSE,FALSE
GRB 221009A,42.11011935,1.379,0.0829,Detection,0.151,2022,FALSE,FALSE
GRB 221009A,43.07400935,1.65,0.216348,Detection,0.151,2022,FALSE,FALSE
GRB 221009A,44.03436935,1.411,0.0888,Detection,0.151,2022,FALSE,FALSE
GRB 221009A,45.04541935,1.27,0.153728,Detection,0.151,2022,FALSE,FALSE
GRB 221009A,46.06833935,1.325,0.114184,Detection,0.151,2022,FALSE,FALSE
GRB 221009A,47.02859935,1.388,0.0886,Detection,0.151,2022,FALSE,FALSE
GRB 221009A,48.05979935,1.223,0.0759,Detection,0.151,2022,FALSE,FALSE
GRB 221009A,49.06433935,1.201,0.0907,Detection,0.151,2022,FALSE,FALSE
GRB 221009A,50.07441935,1.323,0.0758,Detection,0.151,2022,FALSE,FALSE
GRB 221009A,51.02632935,1.158,0.0812,Detection,0.151,2022,FALSE,FALSE
GRB 221009A,53.01186935,1.118,0.0865,Detection,0.151,2022,FALSE,FALSE
GRB 221009A,54.06591935,1.187,0.0802,Detection,0.151,2022,FALSE,FALSE
GRB 221009A,55.04587935,1.388,0.0833,Detection,0.151,2022,FALSE,FALSE
GRB 221009A,56.04280935,1.09,0.0871,Detection,0.151,2022,FALSE,FALSE
GRB 221009A,56.98709935,1.08,0.09,Detection,0.151,2022,FALSE,FALSE
GRB 221009A,58.07023935,0.957,0.0605,Detection,0.151,2022,FALSE,FALSE
GRB 221009A,59.02595935,0.929,0.0824,Detection,0.151,2022,FALSE,FALSE
GRB 221009A,60.04988935,0.84,0.0547,Detection,0.151,2022,FALSE,FALSE
GRB 221009A,61.04230935,0.624,0.0598,Detection,0.151,2022,FALSE,FALSE
GRB 221009A,62.07800935,0.869,0.0741,Detection,0.151,2022,FALSE,FALSE
GRB 221009A,62.97485935,0.874,0.0817,Detection,0.151,2022,FALSE,FALSE
GRB 221009A,72.98841935,0.513,0.0888,Detection,0.151,2022,FALSE,FALSE
GRB 221009A,74.00231935,0.721,0.085,Detection,0.151,2022,FALSE,FALSE
GRB 221009A,74.93863935,0.686,0.173426,Detection,0.151,2022,FALSE,FALSE
GRB 221009A,75.99199935,0.507,0.0525,Detection,0.151,2022,FALSE,FALSE
GRB 221009A,78.01978935,0.469,0.0472,Detection,0.151,2022,FALSE,FALSE
GRB 221009A,79.01116935,0.487,0.0638,Detection,0.151,2022,FALSE,FALSE
GRB 221009A,85.95500935,0.221,0.221276,Detection,0.151,2022,FALSE,FALSE
GRB 221009A,88.97520935,0.487,0.0477,Detection,0.151,2022,FALSE,FALSE
GRB 221009A,91.96977935,0.402,0.0484,Detection,0.151,2022,FALSE,FALSE
GRB 221009A,92.93821935,0.502,0.119662,Detection,0.151,2022,FALSE,FALSE
GRB 221009A,98.91534935,0.3,0.0455,Detection,0.151,2022,FALSE,FALSE
GRB 221009A,99.93131935,0.37,0.0441,Detection,0.151,2022,FALSE,FALSE
GRB 221009A,104.9280594,0.317,0.0796,Detection,0.151,2022,FALSE,FALSE
GRB 221009A,114.8910593,0.359,0.0376,Detection,0.151,2022,FALSE,FALSE
GRB 221009A,119.8870994,0.29,0.0482,Detection,0.151,2022,FALSE,FALSE
GRB 221009A,120.8698293,0.271,0.047,Detection,0.151,2022,FALSE,FALSE
GRB 221009A,127.7966093,0.234478,0.0486,Detection,0.151,2022,FALSE,FALSE
GRB 221009A,133.6943494,0.277387,0.0446,Detection,0.151,2022,FALSE,FALSE
GRB 221009A,137.7485293,0.294803,0.0547,Detection,0.151,2022,FALSE,FALSE
GRB 221009A,142.6829293,0.211737,0.0483,Detection,0.151,2022,FALSE,FALSE
GRB 221009A,146.7544193,0.405872,0.0356,Detection,0.151,2022,FALSE,FALSE
GRB 221009A,147.6561194,0.335058,0.047,Detection,0.151,2022,FALSE,FALSE
GRB 221009A,159.7417793,0.420285,0.0703,Detection,0.151,2022,FALSE,FALSE
GRB 221009A,162.6947993,0.345636,0.0438,Detection,0.151,2022,FALSE,FALSE
GRB 221009A,167.6146794,0.495,0,Non-Detection,0.151,2022,TRUE,FALSE
GRB 221009A,170.5933194,0.429276,0.0396,Detection,0.151,2022,FALSE,FALSE
GRB 221009A,194.6373094,0.33,0.0351,Detection,0.151,2022,FALSE,FALSE
GRB 221009A,196.7966693,0.288,0.0378,Detection,0.151,2022,FALSE,FALSE
GRB 221009A,197.6207993,0.332,0.0343,Detection,0.151,2022,FALSE,FALSE
GRB 221009A,201.6133393,0.28,0.0349,Detection,0.151,2022,FALSE,FALSE
GRB 221009A,207.7839393,0.192,0.0647,Detection,0.151,2022,FALSE,FALSE
GRB 221009A,208.7039994,0.147,0,Non-Detection,0.151,2022,TRUE,FALSE
GRB 221009A,209.6240494,0.123,0.0415,Detection,0.151,2022,FALSE,FALSE
GRB 221009A,217.5869794,0.123,0.0415,Detection,0.151,2022,FALSE,FALSE
GRB 221009A,221.5469594,0.147,0.0495,Detection,0.151,2022,FALSE,FALSE
GRB 221009A,221.5615094,0.186,0.0129,Detection,0.151,2022,FALSE,FALSE
GRB 221009A,225.5505894,0.171,0.0576,Detection,0.151,2022,FALSE,FALSE
GRB 221009A,229.6331593,0.09,0.0323,Detection,0.151,2022,FALSE,FALSE
GRB 221009A,243.5184093,0.114,0,Non-Detection,0.151,2022,TRUE,FALSE
GRB 221009A,257.4036494,0.168,0,Non-Detection,0.151,2022,TRUE,FALSE
GRB 221009A,299.4011593,0.233,0.0331,Detection,0.151,2022,FALSE,FALSE
GRB 221009A,306.3704194,0.555,0,Non-Detection,0.151,2022,TRUE,FALSE
GRB 221009A,313.3377193,0.156,0,Non-Detection,0.151,2022,TRUE,FALSE
GRB 221009A,313.3796893,0.723,0,Non-Detection,0.151,2022,TRUE,FALSE
GRB 221009A,320.2630394,0.237,0,Non-Detection,0.151,2022,TRUE,FALSE
GRB 230510A,1.748148889,0.162,0,Non-Detection,Unknown,2023,TRUE,FALSE
GRB 230812B,2.052542963,0.287,0.024,Detection,0.36,2023,FALSE,FALSE
GRB 230812B,3.101755926,0.147,0,Non-Detection,0.36,2023,TRUE,FALSE
GRB 230818A,54.55199787,0.252,0,Non-Detection,2.42,2023,TRUE,FALSE
GRB 231129A,1.465785463,0.129,0,Non-Detection,Unknown,2023,TRUE,FALSE
GRB 231129A,5.535206759,0.399,0,Non-Detection,Unknown,2023,TRUE,FALSE
GRB 231215A,2.507174167,0.222,0.038,Detection,2.305,2023,FALSE,FALSE
GRB 231215A,15.3620237,0.561,0,Non-Detection,2.305,2023,TRUE,FALSE
GRB 231215A,22.37084315,0.1478,0.0086,Detection,2.305,2023,FALSE,FALSE
GRB 231215A,28.42792648,0.168,0.014,Detection,2.305,2023,FALSE,FALSE
GRB 231222B,8.16124537,0.375,0,Non-Detection,Unknown,2023,TRUE,FALSE
GRB 231222B,15.17746065,0.153,0,Non-Detection,Unknown,2023,TRUE,FALSE
GRB 240414A,6.773274352,0.297,0,Non-Detection,Unknown,2024,TRUE,FALSE
GRB 240414A,14.71759148,0.09,0,Non-Detection,Unknown,2024,TRUE,FALSE
GRB 240418A,2.189805833,0.192,0,Non-Detection,Unknown,2024,TRUE,FALSE
GRB 240511A,3.519141667,0.603,0.041,Detection,Unknown,2024,FALSE,FALSE
GRB 240511A,4.481097685,0.474,0.032,Detection,Unknown,2024,FALSE,FALSE
GRB 240529A,4.134120278,0.975,0.031,Detection,2.695,2024,FALSE,TRUE
GRB 240529A,6.138367963,1.642,0.021,Detection,2.695,2024,FALSE,TRUE
GRB 240529A,9.121388796,1.722,0.021,Detection,2.695,2024,FALSE,TRUE
GRB 240529A,11.11612259,0.777,0.023,Detection,2.695,2024,FALSE,TRUE
GRB 240529A,13.11600685,0.689,0.041,Detection,2.695,2024,FALSE,TRUE
GRB 240529A,15.21376148,0.772,0.034,Detection,2.695,2024,FALSE,TRUE
GRB 240529A,17.09886565,0.531,0.051,Detection,2.695,2024,FALSE,TRUE
GRB 240529A,20.29269667,0.58,0.062,Detection,2.695,2024,FALSE,TRUE
GRB 240529A,22.18908556,0.611,0.039,Detection,2.695,2024,FALSE,TRUE
GRB 240529A,24.23209481,0.51,0.037,Detection,2.695,2024,FALSE,TRUE
GRB 240529A,26.20585639,0.339,0.042,Detection,2.695,2024,FALSE,TRUE
GRB 240529A,35.08017352,0.383,0.148,Detection,2.695,2024,FALSE,TRUE
GRB 240529A,37.20693278,0.372,0,Non-Detection,2.695,2024,TRUE,TRUE
GRB 240529A,40.07143509,0.299,0.011,Detection,2.695,2024,FALSE,TRUE
GRB 240529A,100.7530902,0.327,0,Non-Detection,2.695,2024,TRUE,TRUE
GRB 240619A,3.501423519,1.49,0.013,Detection,Unknown,2024,FALSE,TRUE
GRB 240619A,15.47627306,0.825,0.038,Detection,Unknown,2024,FALSE,TRUE
GRB 240619A,19.39332167,0.884,0.035,Detection,Unknown,2024,FALSE,TRUE
GRB 240619A,22.35277769,0.657,0.028,Detection,Unknown,2024,FALSE,TRUE
GRB 240619A,55.31304389,0.545,0.104,Detection,Unknown,2024,FALSE,TRUE
GRB 240619A,59.45724528,0.789,0.075,Detection,Unknown,2024,FALSE,TRUE
GRB 240619A,61.34304389,0.77,0.056,Detection,Unknown,2024,FALSE,TRUE
GRB 240619A,63.28010407,0.588,0.075,Detection,Unknown,2024,FALSE,TRUE
GRB 240730A,8.840344444,0.126,0,Non-Detection,Unknown,2024,TRUE,FALSE
GRB 240730A,16.92007824,0.183,0,Non-Detection,Unknown,2024,TRUE,FALSE
GRB 240730A,19.02424491,0.168,0,Non-Detection,Unknown,2024,TRUE,FALSE
GRB 240809A,1.482546019,0.6,0,Non-Detection,Unknown,2024,TRUE,FALSE
GRB 240910A,4.923572315,0.27,0,Non-Detection,Unknown,2024,TRUE,FALSE
GRB 240910A,18.84170889,0.558,0,Non-Detection,Unknown,2024,TRUE,FALSE
GRB 240912A,17.20353417,0.742,,Detection,1.234,2024,FALSE,FALSE
GRB 241002A,29.29998528,0.204,0,Non-Detection,Unknown,2024,TRUE,FALSE
GRB 241024A,1.585058981,0.321,0,Non-Detection,Unknown,2024,TRUE,FALSE
GRB 241030A,26.13715306,0.498,0,Non-Detection,Unknown,2024,TRUE,FALSE
GRB 250101A,2.235153611,0.186,0,Non-Detection,2.49,2025,TRUE,FALSE
GRB 250101A,7.207491574,0.516,0,Non-Detection,2.49,2025,TRUE,FALSE
GRB 251013C,6.183774352,0.922,0.046,Detection,0.572,2025,FALSE,TRUE
GRB 251013C,4.149758148,0.976,0.049,Detection,0.572,2025,FALSE,TRUE
GRB 251013C,2.173218796,0.565,0.028,Detection,0.572,2025,FALSE,TRUE
GRB 251013C,1.157952593,0.557,0.028,Detection,0.572,2025,FALSE,TRUE
GRB 251013C,9.136783611,1.887,0.094,Detection,0.572,2025,FALSE,TRUE
GRB 251013C,8.136760463,1.867,0.093,Detection,0.572,2025,FALSE,TRUE
GRB 251013C,10.13614704,1.868,0.093,Detection,0.572,2025,FALSE,TRUE
GRB 251013C,12.12651741,1.725,0.086,Detection,0.572,2025,FALSE,TRUE
GRB 251013C,14.12520954,2.014,0.101,Detection,0.572,2025,FALSE,TRUE
GRB 251013C,16.11974657,2,0.1,Detection,0.572,2025,FALSE,TRUE
GRB 251013C,24.1041563,1.351,0.068,Detection,0.572,2025,FALSE,TRUE
GRB 251013C,25.09240861,0.931,0.047,Detection,0.572,2025,FALSE,TRUE
GRB 251013C,32.07606602,1.651,0.083,Detection,0.572,2025,FALSE,TRUE
GRB 251013C,35.06510537,0.639,0.032,Detection,0.572,2025,FALSE,TRUE
GRB 251013C,38.0596887,0.613,0.031,Detection,0.572,2025,FALSE,TRUE
GRB 251013C,40.05076509,0.325,0.016,Detection,0.572,2025,FALSE,TRUE
GRB 251013C,42.06538315,0.748,0.037,Detection,0.572,2025,FALSE,TRUE
GRB 251013C,44.05092713,0.321,0.016,Detection,0.572,2025,FALSE,TRUE
GRB 251013C,48.02961926,0.523,0.026,Detection,0.572,2025,FALSE,TRUE
GRB 251013C,50.02275583,0.428,0.021,Detection,0.572,2025,FALSE,TRUE
GRB 251013C,53.01595028,0.423,0.021,Detection,0.572,2025,FALSE,TRUE
GRB 251013C,56.00985074,0.428,0.021,Detection,0.572,2025,FALSE,TRUE
GRB 251013C,80.93951509,0.33,0,Non-Detection,0.572,2025,TRUE,TRUE
GRB 251013C,88.91628593,0.51,0,Non-Detection,0.572,2025,TRUE,TRUE
GRB 251013C,96.91861231,0.57,0,Non-Detection,0.572,2025,TRUE,TRUE
GRB 251013C,108.8616679,0.618,0,Non-Detection,0.572,2025,TRUE,TRUE